0,0,0,0,0,0,0,0
0.01,-3.11E-20,0.00052187,-3.56E-20,0.000525315,-3.99E-20,0.000523094,-4.37E-20
0.02,-1.28E-20,0.0010382,-6.19E-20,0.001061845,-1.08E-19,0.001040554,-1.52E-19
0.03,1.29E-19,0.001541112,-4.95E-20,0.00162553,-2.21E-19,0.001544378,-3.80E-19
0.04,4.13E-19,0.002025402,7.89E-21,0.002226867,-3.84E-19,0.00202931,-7.43E-19
0.05,1.09E-18,0.0024877,2.01E-19,0.002872598,-6.90E-19,0.002491994,-1.50E-18
0.06,2.05E-18,0.002925495,4.94E-19,0.003567692,-1.10E-18,0.002929982,-2.52E-18
0.07,2.96E-18,0.003336569,7.76E-19,0.004316496,-1.51E-18,0.003341152,-3.49E-18
0.08,4.00E-18,0.003718729,1.11E-18,0.005123281,-1.98E-18,0.003723429,-4.58E-18
0.09,5.38E-18,0.00406969,1.60E-18,0.005992484,-2.60E-18,0.004074661,-6.02E-18
0.1,6.81E-18,0.004387024,2.12E-18,0.006928816,-3.26E-18,0.00439257,-7.50E-18
0.11,8.99E-18,0.004668134,2.98E-18,0.007937309,-4.25E-18,0.00467472,-9.74E-18
0.12,1.08E-17,0.004910243,3.71E-18,0.009023351,-5.09E-18,0.004918506,-1.15E-17
0.13,1.29E-17,0.005110373,4.63E-18,0.010192707,-6.13E-18,0.005121137,-1.37E-17
0.14,1.46E-17,0.005265341,5.40E-18,0.011451549,-7.02E-18,0.005279631,-1.55E-17
0.15,1.71E-17,0.005371744,6.60E-18,0.012806474,-8.31E-18,0.005390796,-1.80E-17
0.16,1.87E-17,0.005425944,7.37E-18,0.014264527,-9.18E-18,0.005451225,-1.96E-17
0.17,2.10E-17,0.005424064,8.57E-18,0.015833227,-1.05E-17,0.005457281,-2.20E-17
0.18,2.37E-17,0.00536197,1.01E-17,0.017520585,-1.21E-17,0.005405091,-2.48E-17
0.19,2.56E-17,0.005235262,1.11E-17,0.019335123,-1.32E-17,0.005290531,-2.67E-17
0.2,2.81E-17,0.005039271,1.27E-17,0.021285895,-1.49E-17,0.005109224,-2.94E-17
0.21,3.03E-17,0.004769046,1.40E-17,0.023382496,-1.63E-17,0.00485653,-3.16E-17
0.22,3.24E-17,0.004419349,1.55E-17,0.025635073,-1.78E-17,0.004527539,-3.39E-17
0.23,3.42E-17,0.00398466,1.68E-17,0.028054326,-1.91E-17,0.004117076,-3.58E-17
0.24,3.55E-17,0.003459176,1.77E-17,0.030651503,-2.01E-17,0.003619701,-3.72E-17
0.25,3.74E-17,0.00283682,1.91E-17,0.033438381,-2.16E-17,0.003029718,-3.92E-17
0.26,3.88E-17,0.002111258,2.03E-17,0.036427236,-2.27E-17,0.002341186,-4.07E-17
0.27,4.04E-17,0.001275924,2.17E-17,0.039630797,-2.42E-17,0.001547948,-4.24E-17
0.28,4.15E-17,0.00032405,2.26E-17,0.043062179,-2.52E-17,0.000643659,-4.36E-17
0.29,4.23E-17,-0.000751282,2.34E-17,0.046734792,-2.60E-17,-0.00037817,-4.45E-17
0.3,4.36E-17,-0.00195708,2.47E-17,0.050662226,-2.73E-17,-0.001524116,-4.59E-17
0.31,4.47E-17,-0.003300372,2.57E-17,0.0548581,-2.85E-17,-0.002800772,-4.71E-17
0.32,4.54E-17,-0.004788101,2.65E-17,0.05933588,-2.93E-17,-0.004214655,-4.79E-17
0.33,4.58E-17,-0.00642702,2.69E-17,0.064108658,-2.99E-17,-0.005772106,-4.83E-17
0.34,4.66E-17,-0.008223553,2.78E-17,0.069188893,-3.09E-17,-0.007479159,-4.91E-17
0.35,4.69E-17,-0.010183642,2.80E-17,0.074588112,-3.13E-17,-0.0093414,-4.94E-17
0.36,4.76E-17,-0.012312573,2.88E-17,0.08031657,-3.23E-17,-0.011363803,-5.01E-17
0.37,4.79E-17,-0.014614789,2.90E-17,0.086382893,-3.28E-17,-0.013550553,-5.03E-17
0.38,4.84E-17,-0.01709369,2.93E-17,0.092793689,-3.34E-17,-0.015904863,-5.06E-17
0.39,4.83E-17,-0.019751433,2.90E-17,0.099553158,-3.34E-17,-0.018428786,-5.04E-17
0.4,4.84E-17,-0.02258874,2.89E-17,0.106662717,-3.36E-17,-0.021123027,-5.04E-17
0.41,4.88E-17,-0.025604718,2.89E-17,0.114120667,-3.42E-17,-0.023986791,-5.04E-17
0.42,4.89E-17,-0.028796727,2.86E-17,0.121921917,-3.44E-17,-0.027017642,-5.02E-17
0.43,4.88E-17,-0.032160279,2.80E-17,0.130057803,-3.42E-17,-0.030211419,-4.99E-17
0.44,4.87E-17,-0.035689007,2.74E-17,0.138516018,-3.40E-17,-0.033562201,-4.95E-17
0.45,4.86E-17,-0.039374697,2.68E-17,0.147280684,-3.38E-17,-0.037062344,-4.91E-17
0.46,4.88E-17,-0.043207396,2.62E-17,0.156332554,-3.40E-17,-0.040702573,-4.88E-17
0.47,4.90E-17,-0.047175597,2.57E-17,0.165649368,-3.42E-17,-0.044472159,-4.84E-17
0.48,4.95E-17,-0.051266478,2.52E-17,0.175206325,-3.49E-17,-0.048359145,-4.80E-17
0.49,4.99E-17,-0.055466205,2.46E-17,0.184976666,-3.53E-17,-0.052350626,-4.76E-17
0.5,5.02E-17,-0.059760267,2.40E-17,0.194932314,-3.55E-17,-0.056433063,-4.71E-17
0.51,5.05E-17,-0.064133819,2.33E-17,0.205044554,-3.59E-17,-0.060592603,-4.67E-17
0.52,5.06E-17,-0.06857202,2.27E-17,0.215284678,-3.58E-17,-0.064815399,-4.63E-17
0.53,5.11E-17,-0.073060351,2.20E-17,0.225624602,-3.65E-17,-0.069087904,-4.58E-17
0.54,5.13E-17,-0.077584883,2.14E-17,0.236037382,-3.65E-17,-0.073397123,-4.54E-17
0.55,5.14E-17,-0.082132494,2.08E-17,0.246497645,-3.66E-17,-0.077730816,-4.51E-17
0.56,5.15E-17,-0.086691038,2.02E-17,0.256981908,-3.66E-17,-0.082077657,-4.48E-17
0.57,5.18E-17,-0.091249452,1.96E-17,0.26746878,-3.68E-17,-0.086427331,-4.44E-17
0.58,5.27E-17,-0.09579781,1.89E-17,0.277939078,-3.80E-17,-0.09077059,-4.37E-17
0.59,5.25E-17,-0.100327338,1.85E-17,0.288375849,-3.78E-17,-0.09509926,-4.36E-17
0.6,5.30E-17,-0.104830389,1.79E-17,0.298764324,-3.84E-17,-0.099406225,-4.32E-17
0.61,5.35E-17,-0.109300392,1.74E-17,0.309091816,-3.89E-17,-0.103685373,-4.27E-17
0.62,5.40E-17,-0.113731779,1.69E-17,0.319347583,-3.97E-17,-0.107931531,-4.22E-17
0.63,5.39E-17,-0.118119906,1.65E-17,0.329522669,-3.95E-17,-0.11214039,-4.22E-17
0.64,5.41E-17,-0.122460961,1.61E-17,0.339609731,-3.96E-17,-0.116308418,-4.20E-17
0.65,5.46E-17,-0.126751873,1.57E-17,0.349602861,-4.02E-17,-0.120432779,-4.16E-17
0.66,5.51E-17,-0.130990227,1.52E-17,0.359497421,-4.09E-17,-0.124511248,-4.11E-17
0.67,5.54E-17,-0.135174179,1.48E-17,0.369289875,-4.13E-17,-0.128542131,-4.08E-17
0.68,5.55E-17,-0.139302377,1.45E-17,0.378977643,-4.15E-17,-0.1325242,-4.07E-17
0.69,5.57E-17,-0.143373893,1.42E-17,0.388558965,-4.17E-17,-0.136456618,-4.05E-17
0.7,5.61E-17,-0.147388159,1.39E-17,0.398032773,-4.23E-17,-0.140338884,-4.02E-17
0.71,5.63E-17,-0.15134491,1.36E-17,0.407398589,-4.25E-17,-0.144170784,-4.00E-17
0.72,5.67E-17,-0.155244135,1.32E-17,0.416656427,-4.31E-17,-0.147952337,-3.97E-17
0.73,5.68E-17,-0.159086034,1.30E-17,0.425806706,-4.34E-17,-0.151683761,-3.96E-17
0.74,5.70E-17,-0.162870982,1.27E-17,0.434850185,-4.37E-17,-0.155365437,-3.94E-17
0.75,5.68E-17,-0.166599496,1.27E-17,0.443787896,-4.35E-17,-0.158997875,-3.97E-17
0.76,5.72E-17,-0.170272208,1.23E-17,0.452621092,-4.42E-17,-0.162581697,-3.93E-17
0.77,5.73E-17,-0.17388984,1.22E-17,0.461351203,-4.44E-17,-0.166117605,-3.93E-17
0.78,5.75E-17,-0.177453188,1.19E-17,0.469979797,-4.48E-17,-0.16960637,-3.91E-17
0.79,5.80E-17,-0.1809631,1.16E-17,0.478508548,-4.55E-17,-0.173048813,-3.88E-17
0.8,5.80E-17,-0.184420468,1.15E-17,0.486939209,-4.56E-17,-0.176445794,-3.88E-17
0.81,5.85E-17,-0.187826212,1.12E-17,0.495273589,-4.63E-17,-0.1797982,-3.85E-17
0.82,5.87E-17,-0.191181271,1.10E-17,0.503513532,-4.67E-17,-0.183106932,-3.83E-17
0.83,5.88E-17,-0.194486596,1.09E-17,0.511660907,-4.70E-17,-0.186372906,-3.83E-17
0.84,5.90E-17,-0.197743141,1.07E-17,0.519717587,-4.73E-17,-0.189597039,-3.81E-17
0.85,5.92E-17,-0.200951861,1.05E-17,0.527685444,-4.78E-17,-0.192780246,-3.80E-17
0.86,5.93E-17,-0.204113704,1.04E-17,0.535566341,-4.80E-17,-0.195923438,-3.79E-17
0.87,5.99E-17,-0.207229609,1.01E-17,0.543362117,-4.89E-17,-0.199027516,-3.76E-17
0.88,6.01E-17,-0.210300503,9.91E-18,0.551074593,-4.93E-17,-0.202093369,-3.74E-17
0.89,6.03E-17,-0.213327297,9.75E-18,0.558705556,-4.97E-17,-0.205121871,-3.72E-17
0.9,6.06E-17,-0.216310887,9.60E-18,0.566256763,-5.01E-17,-0.208113884,-3.71E-17
0.91,6.09E-17,-0.21925215,9.38E-18,0.573729936,-5.08E-17,-0.211070247,-3.69E-17
0.92,6.13E-17,-0.222151946,9.13E-18,0.581126758,-5.15E-17,-0.213991786,-3.66E-17
0.93,6.15E-17,-0.225011113,9.03E-18,0.588448876,-5.18E-17,-0.216879306,-3.65E-17
0.94,6.14E-17,-0.227830468,9.02E-18,0.595697896,-5.18E-17,-0.219733592,-3.66E-17
0.95,6.14E-17,-0.230610811,8.96E-18,0.602875383,-5.20E-17,-0.222555411,-3.67E-17
0.96,6.17E-17,-0.233352918,8.77E-18,0.609982862,-5.26E-17,-0.22534551,-3.65E-17
0.97,6.16E-17,-0.236057545,8.80E-18,0.617021819,-5.25E-17,-0.228104616,-3.67E-17
0.98,6.17E-17,-0.238725429,8.71E-18,0.623993698,-5.28E-17,-0.230833435,-3.66E-17
0.99,6.13E-17,-0.241357284,8.89E-18,0.630899903,-5.24E-17,-0.233532657,-3.71E-17
1,6.15E-17,-0.243953806,8.76E-18,0.637741801,-5.28E-17,-0.23620295,-3.70E-17
1.01,6.18E-17,-0.246515671,8.58E-18,0.644520718,-5.34E-17,-0.238844965,-3.68E-17
1.02,6.17E-17,-0.249043533,8.61E-18,0.651237943,-5.34E-17,-0.241459334,-3.69E-17
1.03,6.21E-17,-0.25153803,8.35E-18,0.657894729,-5.42E-17,-0.24404667,-3.66E-17
1.04,6.23E-17,-0.25399978,8.26E-18,0.664492291,-5.45E-17,-0.24660757,-3.65E-17
1.05,6.24E-17,-0.256429385,8.19E-18,0.67103181,-5.48E-17,-0.249142614,-3.65E-17
1.06,6.25E-17,-0.258827425,8.13E-18,0.677514433,-5.50E-17,-0.251652364,-3.65E-17
1.07,6.25E-17,-0.261194469,8.14E-18,0.683941272,-5.51E-17,-0.254137366,-3.66E-17
1.08,6.25E-17,-0.263531063,8.11E-18,0.69031341,-5.53E-17,-0.256598152,-3.66E-17
1.09,6.27E-17,-0.265837741,7.98E-18,0.696631895,-5.58E-17,-0.259035238,-3.65E-17
1.1,6.30E-17,-0.268115021,7.82E-18,0.702897746,-5.64E-17,-0.261449123,-3.63E-17
1.11,6.27E-17,-0.270363405,7.96E-18,0.709111952,-5.61E-17,-0.263840296,-3.67E-17
1.12,6.28E-17,-0.272583379,7.93E-18,0.715275476,-5.63E-17,-0.266209227,-3.67E-17
1.13,6.31E-17,-0.274775418,7.73E-18,0.721389251,-5.70E-17,-0.268556378,-3.65E-17
1.14,6.35E-17,-0.276939981,7.55E-18,0.727454182,-5.76E-17,-0.270882193,-3.63E-17
1.15,6.36E-17,-0.279077515,7.48E-18,0.733471151,-5.80E-17,-0.273187107,-3.62E-17
1.16,6.38E-17,-0.281188452,7.38E-18,0.739441013,-5.84E-17,-0.275471542,-3.62E-17
1.17,6.41E-17,-0.283273214,7.20E-18,0.745364601,-5.91E-17,-0.277735906,-3.60E-17
1.18,6.39E-17,-0.285332209,7.27E-18,0.751242722,-5.91E-17,-0.2799806,-3.62E-17
1.19,6.40E-17,-0.287365835,7.20E-18,0.757076162,-5.94E-17,-0.28220601,-3.62E-17
1.2,6.43E-17,-0.289374479,7.07E-18,0.762865684,-5.99E-17,-0.284412513,-3.60E-17
1.21,6.45E-17,-0.291358515,6.96E-18,0.768612032,-6.04E-17,-0.286600476,-3.59E-17
1.22,6.48E-17,-0.293318309,6.85E-18,0.774315927,-6.07E-17,-0.288770256,-3.57E-17
1.23,6.50E-17,-0.295254214,6.73E-18,0.779978071,-6.12E-17,-0.2909222,-3.56E-17
1.24,6.55E-17,-0.297166576,6.50E-18,0.785599149,-6.19E-17,-0.293056646,-3.52E-17
1.25,6.60E-17,-0.299055731,6.24E-18,0.791179825,-6.27E-17,-0.295173922,-3.48E-17
1.26,6.63E-17,-0.300922003,6.14E-18,0.796720746,-6.32E-17,-0.29727435,-3.47E-17
1.27,6.61E-17,-0.302765712,6.25E-18,0.802222543,-6.30E-17,-0.299358241,-3.49E-17
1.28,6.65E-17,-0.304587165,6.06E-18,0.807685827,-6.36E-17,-0.301425899,-3.46E-17
1.29,6.66E-17,-0.306386663,6.04E-18,0.813111197,-6.39E-17,-0.30347762,-3.46E-17
1.3,6.67E-17,-0.308164499,6.00E-18,0.818499233,-6.41E-17,-0.305513693,-3.46E-17
1.31,6.70E-17,-0.309920957,5.84E-18,0.823850503,-6.47E-17,-0.307534399,-3.44E-17
1.32,6.70E-17,-0.311656316,5.86E-18,0.829165558,-6.47E-17,-0.309540011,-3.44E-17
1.33,6.70E-17,-0.313370843,5.89E-18,0.834444935,-6.48E-17,-0.311530798,-3.45E-17
1.34,6.71E-17,-0.315064804,5.84E-18,0.839689159,-6.51E-17,-0.313507019,-3.45E-17
1.35,6.67E-17,-0.316738454,6.05E-18,0.844898741,-6.48E-17,-0.315468929,-3.49E-17
1.36,6.71E-17,-0.318392043,5.86E-18,0.850074179,-6.55E-17,-0.317416777,-3.46E-17
1.37,6.68E-17,-0.320025813,6.02E-18,0.855215958,-6.53E-17,-0.319350802,-3.50E-17
1.38,6.70E-17,-0.321640003,5.95E-18,0.860324551,-6.56E-17,-0.321271243,-3.49E-17
1.39,6.74E-17,-0.323234843,5.74E-18,0.865400422,-6.63E-17,-0.32317833,-3.46E-17
1.4,6.78E-17,-0.324810559,5.58E-18,0.870444021,-6.69E-17,-0.325072286,-3.44E-17
1.41,6.81E-17,-0.326367371,5.41E-18,0.875455788,-6.75E-17,-0.326953333,-3.41E-17
1.42,6.83E-17,-0.327905493,5.36E-18,0.880436152,-6.77E-17,-0.328821685,-3.41E-17
1.43,6.87E-17,-0.329425134,5.15E-18,0.885385531,-6.85E-17,-0.330677551,-3.38E-17
1.44,6.88E-17,-0.330926499,5.08E-18,0.890304336,-6.88E-17,-0.332521137,-3.37E-17
1.45,6.89E-17,-0.332409785,5.06E-18,0.895192966,-6.90E-17,-0.334352642,-3.37E-17
1.46,6.92E-17,-0.333875188,4.94E-18,0.900051811,-6.95E-17,-0.336172261,-3.35E-17
1.47,6.94E-17,-0.335322898,4.88E-18,0.904881252,-6.98E-17,-0.337980187,-3.34E-17
1.48,6.95E-17,-0.336753099,4.84E-18,0.909681662,-7.01E-17,-0.339776605,-3.34E-17
1.49,6.95E-17,-0.338165973,4.86E-18,0.914453404,-7.02E-17,-0.341561699,-3.35E-17
1.5,6.95E-17,-0.339561695,4.85E-18,0.919196834,-7.05E-17,-0.343335648,-3.35E-17
1.51,6.97E-17,-0.340940438,4.79E-18,0.923912299,-7.08E-17,-0.345098626,-3.34E-17
1.52,7.00E-17,-0.342302372,4.68E-18,0.928600139,-7.12E-17,-0.346850804,-3.33E-17
1.53,7.02E-17,-0.343647659,4.59E-18,0.933260687,-7.16E-17,-0.348592349,-3.31E-17
1.54,7.03E-17,-0.344976461,4.56E-18,0.937894266,-7.18E-17,-0.350323426,-3.31E-17
1.55,7.04E-17,-0.346288936,4.50E-18,0.942501195,-7.22E-17,-0.352044195,-3.31E-17
1.56,7.05E-17,-0.347585236,4.45E-18,0.947081785,-7.25E-17,-0.353754812,-3.31E-17
1.57,7.07E-17,-0.348865511,4.37E-18,0.951636339,-7.29E-17,-0.355455431,-3.30E-17
1.58,7.07E-17,-0.35012991,4.43E-18,0.956165154,-7.29E-17,-0.357146203,-3.30E-17
1.59,7.09E-17,-0.351378574,4.36E-18,0.960668523,-7.32E-17,-0.358827275,-3.29E-17
1.6,7.07E-17,-0.352611644,4.49E-18,0.965146728,-7.31E-17,-0.360498791,-3.32E-17
1.61,7.11E-17,-0.353829258,4.30E-18,0.96960005,-7.37E-17,-0.362160892,-3.29E-17
1.62,7.10E-17,-0.35503155,4.39E-18,0.974028761,-7.37E-17,-0.363813718,-3.31E-17
1.63,7.11E-17,-0.35621865,4.37E-18,0.978433129,-7.39E-17,-0.365457403,-3.31E-17
1.64,7.12E-17,-0.357390688,4.34E-18,0.982813414,-7.41E-17,-0.367092081,-3.30E-17
1.65,7.12E-17,-0.358547789,4.42E-18,0.987169874,-7.41E-17,-0.368717882,-3.32E-17
1.66,7.10E-17,-0.359690075,4.50E-18,0.991502759,-7.41E-17,-0.370334934,-3.34E-17
1.67,7.08E-17,-0.360817668,4.67E-18,0.995812315,-7.40E-17,-0.371943362,-3.37E-17
1.68,7.09E-17,-0.361930686,4.65E-18,1.000098783,-7.42E-17,-0.373543289,-3.37E-17
1.69,7.11E-17,-0.363029243,4.52E-18,1.004362399,-7.47E-17,-0.375134836,-3.35E-17
1.7,7.09E-17,-0.364113452,4.69E-18,1.008603394,-7.45E-17,-0.376718121,-3.38E-17
1.71,7.11E-17,-0.365183424,4.58E-18,1.012821995,-7.49E-17,-0.378293259,-3.37E-17
1.72,7.14E-17,-0.366239267,4.42E-18,1.017018424,-7.55E-17,-0.379860364,-3.35E-17
1.73,7.15E-17,-0.367281088,4.41E-18,1.021192899,-7.57E-17,-0.381419549,-3.35E-17
1.74,7.17E-17,-0.36830899,4.35E-18,1.025345633,-7.60E-17,-0.382970922,-3.34E-17
1.75,7.18E-17,-0.369323074,4.30E-18,1.029476836,-7.63E-17,-0.384514591,-3.33E-17
1.76,7.19E-17,-0.370323441,4.28E-18,1.033586713,-7.65E-17,-0.386050661,-3.33E-17
1.77,7.21E-17,-0.371310188,4.23E-18,1.037675465,-7.68E-17,-0.387579237,-3.32E-17
1.78,7.22E-17,-0.372283411,4.18E-18,1.04174329,-7.71E-17,-0.389100419,-3.32E-17
1.79,7.20E-17,-0.373243204,4.36E-18,1.045790381,-7.69E-17,-0.390614307,-3.35E-17
1.8,7.17E-17,-0.374189657,4.57E-18,1.049816929,-7.66E-17,-0.392121,-3.39E-17
1.81,7.14E-17,-0.375122863,4.76E-18,1.053823119,-7.64E-17,-0.393620593,-3.43E-17
1.82,7.16E-17,-0.376042907,4.66E-18,1.057809135,-7.68E-17,-0.395113181,-3.41E-17
1.83,7.16E-17,-0.376949879,4.74E-18,1.061775157,-7.68E-17,-0.396598858,-3.43E-17
1.84,7.12E-17,-0.377843861,4.95E-18,1.06572136,-7.66E-17,-0.398077713,-3.47E-17
1.85,7.13E-17,-0.378724937,4.92E-18,1.069647918,-7.68E-17,-0.399549837,-3.47E-17
1.86,7.14E-17,-0.37959319,4.90E-18,1.073554999,-7.71E-17,-0.401015319,-3.47E-17
1.87,7.15E-17,-0.380448698,4.90E-18,1.077442771,-7.73E-17,-0.402474243,-3.47E-17
1.88,7.12E-17,-0.38129154,5.08E-18,1.081311398,-7.70E-17,-0.403926695,-3.51E-17
1.89,7.14E-17,-0.382121794,4.99E-18,1.08516104,-7.74E-17,-0.40537276,-3.50E-17
1.9,7.11E-17,-0.382939534,5.19E-18,1.088991854,-7.72E-17,-0.406812518,-3.53E-17
1.91,7.14E-17,-0.383744835,5.05E-18,1.092803996,-7.77E-17,-0.408246051,-3.51E-17
1.92,7.16E-17,-0.38453777,4.97E-18,1.096597617,-7.81E-17,-0.409673438,-3.50E-17
1.93,7.17E-17,-0.385318409,4.93E-18,1.100372867,-7.84E-17,-0.411094757,-3.50E-17
1.94,7.17E-17,-0.386086823,4.93E-18,1.104129893,-7.86E-17,-0.412510085,-3.51E-17
1.95,7.18E-17,-0.38684308,4.93E-18,1.10786884,-7.88E-17,-0.413919497,-3.51E-17
1.96,7.19E-17,-0.387587247,4.92E-18,1.111589847,-7.90E-17,-0.415323067,-3.51E-17
1.97,7.20E-17,-0.388319391,4.82E-18,1.115293056,-7.94E-17,-0.416720869,-3.50E-17
1.98,7.22E-17,-0.389039577,4.78E-18,1.118978601,-7.97E-17,-0.418112973,-3.50E-17
1.99,7.21E-17,-0.389747867,4.83E-18,1.122646619,-7.98E-17,-0.419499451,-3.51E-17
2,7.24E-17,-0.390444326,4.69E-18,1.12629724,-8.03E-17,-0.420880372,-3.49E-17
2.01,7.21E-17,-0.391129014,4.89E-18,1.129930595,-8.01E-17,-0.422255804,-3.53E-17
2.02,7.25E-17,-0.39180199,4.69E-18,1.133546812,-8.08E-17,-0.423625815,-3.50E-17
2.03,7.25E-17,-0.392463316,4.67E-18,1.137146014,-8.10E-17,-0.42499047,-3.50E-17
2.04,7.26E-17,-0.393113048,4.68E-18,1.140728326,-8.11E-17,-0.426349834,-3.51E-17
2.05,7.27E-17,-0.393751244,4.63E-18,1.14429387,-8.15E-17,-0.427703972,-3.50E-17
2.06,7.29E-17,-0.394377959,4.49E-18,1.147842763,-8.20E-17,-0.429052947,-3.49E-17
2.07,7.31E-17,-0.39499325,4.39E-18,1.151375123,-8.24E-17,-0.43039682,-3.47E-17
2.08,7.31E-17,-0.395597169,4.43E-18,1.154891065,-8.25E-17,-0.431735653,-3.48E-17
2.09,7.34E-17,-0.39618977,4.30E-18,1.158390703,-8.30E-17,-0.433069505,-3.47E-17
2.1,7.32E-17,-0.396771105,4.44E-18,1.161874147,-8.29E-17,-0.434398435,-3.49E-17
2.11,7.31E-17,-0.397341225,4.56E-18,1.165341508,-8.29E-17,-0.435722502,-3.52E-17
2.12,7.32E-17,-0.397900181,4.47E-18,1.168792892,-8.33E-17,-0.437041764,-3.51E-17
2.13,7.31E-17,-0.398448022,4.58E-18,1.172228407,-8.32E-17,-0.438356275,-3.53E-17
2.14,7.30E-17,-0.398984797,4.68E-18,1.175648155,-8.33E-17,-0.439666093,-3.56E-17
2.15,7.32E-17,-0.399510554,4.57E-18,1.17905224,-8.37E-17,-0.440971271,-3.54E-17
2.16,7.34E-17,-0.400025338,4.44E-18,1.182440762,-8.42E-17,-0.442271863,-3.53E-17
2.17,7.33E-17,-0.400529198,4.56E-18,1.185813821,-8.41E-17,-0.443567922,-3.55E-17
2.18,7.35E-17,-0.401022177,4.44E-18,1.189171514,-8.46E-17,-0.444859501,-3.53E-17
2.19,7.36E-17,-0.401504321,4.43E-18,1.192513936,-8.48E-17,-0.44614665,-3.54E-17
2.2,7.37E-17,-0.401975673,4.36E-18,1.195841183,-8.51E-17,-0.447429421,-3.53E-17
2.21,7.37E-17,-0.402436276,4.43E-18,1.199153348,-8.52E-17,-0.448707862,-3.54E-17
2.22,7.37E-17,-0.402886173,4.46E-18,1.202450521,-8.53E-17,-0.449982024,-3.55E-17
2.23,7.35E-17,-0.403325405,4.59E-18,1.205732794,-8.53E-17,-0.451251954,-3.58E-17
2.24,7.36E-17,-0.403754014,4.54E-18,1.209000253,-8.56E-17,-0.4525177,-3.58E-17
2.25,7.36E-17,-0.404172039,4.62E-18,1.212252988,-8.56E-17,-0.453779309,-3.59E-17
2.26,7.39E-17,-0.40457952,4.42E-18,1.215491082,-8.63E-17,-0.455036827,-3.57E-17
2.27,7.37E-17,-0.404976496,4.55E-18,1.218714622,-8.62E-17,-0.4562903,-3.59E-17
2.28,7.36E-17,-0.405363005,4.68E-18,1.221923689,-8.61E-17,-0.457539771,-3.62E-17
2.29,7.37E-17,-0.405739085,4.60E-18,1.225118366,-8.65E-17,-0.458785286,-3.61E-17
2.3,7.37E-17,-0.406104773,4.67E-18,1.228298733,-8.65E-17,-0.460026887,-3.63E-17
2.31,7.37E-17,-0.406460105,4.68E-18,1.23146487,-8.67E-17,-0.461264618,-3.63E-17
2.32,7.38E-17,-0.406805117,4.69E-18,1.234616854,-8.69E-17,-0.462498521,-3.63E-17
2.33,7.38E-17,-0.407139844,4.73E-18,1.237754762,-8.70E-17,-0.463728637,-3.65E-17
2.34,7.37E-17,-0.407464322,4.79E-18,1.240878671,-8.70E-17,-0.464955006,-3.66E-17
2.35,7.39E-17,-0.407778583,4.71E-18,1.243988653,-8.74E-17,-0.466177671,-3.65E-17
2.36,7.39E-17,-0.408082663,4.71E-18,1.247084784,-8.76E-17,-0.467396669,-3.65E-17
2.37,7.40E-17,-0.408376592,4.69E-18,1.250167134,-8.78E-17,-0.46861204,-3.65E-17
2.38,7.39E-17,-0.408660405,4.82E-18,1.253235776,-8.77E-17,-0.469823823,-3.68E-17
2.39,7.38E-17,-0.408934133,4.91E-18,1.256290778,-8.77E-17,-0.471032056,-3.69E-17
2.4,7.38E-17,-0.409197808,4.94E-18,1.25933221,-8.78E-17,-0.472236775,-3.70E-17
2.41,7.38E-17,-0.40945146,5.01E-18,1.26236014,-8.79E-17,-0.473438019,-3.72E-17
2.42,7.38E-17,-0.409695121,4.97E-18,1.265374634,-8.82E-17,-0.474635822,-3.72E-17
2.43,7.39E-17,-0.409928819,4.96E-18,1.268375759,-8.84E-17,-0.475830221,-3.72E-17
2.44,7.39E-17,-0.410152585,4.98E-18,1.271363579,-8.86E-17,-0.477021252,-3.73E-17
2.45,7.39E-17,-0.410366448,5.04E-18,1.274338158,-8.86E-17,-0.478208948,-3.74E-17
2.46,7.39E-17,-0.410570436,5.08E-18,1.277299558,-8.87E-17,-0.479393344,-3.75E-17
2.47,7.40E-17,-0.410764577,5.02E-18,1.280247843,-8.91E-17,-0.480574473,-3.75E-17
2.48,7.42E-17,-0.4109489,4.93E-18,1.283183072,-8.94E-17,-0.48175237,-3.74E-17
2.49,7.42E-17,-0.411123431,4.89E-18,1.286105305,-8.97E-17,-0.482927065,-3.74E-17
2.5,7.42E-17,-0.411288198,4.92E-18,1.289014603,-8.99E-17,-0.484098592,-3.75E-17
2.51,7.40E-17,-0.411443226,5.13E-18,1.291911023,-8.97E-17,-0.485266983,-3.79E-17
2.52,7.40E-17,-0.411588543,5.20E-18,1.294794622,-8.97E-17,-0.486432268,-3.80E-17
2.53,7.39E-17,-0.411724174,5.31E-18,1.297665457,-8.96E-17,-0.487594478,-3.82E-17
2.54,7.38E-17,-0.411850144,5.37E-18,1.300523584,-8.97E-17,-0.488753643,-3.84E-17
2.55,7.39E-17,-0.411966478,5.34E-18,1.303369057,-9.00E-17,-0.489909794,-3.83E-17
2.56,7.42E-17,-0.412073201,5.16E-18,1.306201931,-9.05E-17,-0.491062959,-3.81E-17
2.57,7.44E-17,-0.412170336,5.04E-18,1.309022259,-9.10E-17,-0.492213168,-3.79E-17
2.58,7.44E-17,-0.412257909,5.03E-18,1.311830092,-9.12E-17,-0.49336045,-3.80E-17
2.59,7.44E-17,-0.412335942,5.07E-18,1.314625484,-9.13E-17,-0.494504831,-3.81E-17
2.6,7.44E-17,-0.412404458,5.11E-18,1.317408484,-9.14E-17,-0.49564634,-3.82E-17
2.61,7.43E-17,-0.412463481,5.25E-18,1.320179143,-9.13E-17,-0.496785004,-3.84E-17
2.62,7.40E-17,-0.412513033,5.48E-18,1.32293751,-9.10E-17,-0.49792085,-3.89E-17
2.63,7.41E-17,-0.412553136,5.45E-18,1.325683633,-9.13E-17,-0.499053904,-3.88E-17
2.64,7.39E-17,-0.412583812,5.64E-18,1.328417562,-9.11E-17,-0.500184193,-3.92E-17
2.65,7.37E-17,-0.412605082,5.80E-18,1.331139342,-9.10E-17,-0.50131174,-3.95E-17
2.66,7.38E-17,-0.412616968,5.77E-18,1.33384902,-9.12E-17,-0.502436573,-3.95E-17
2.67,7.39E-17,-0.412619491,5.76E-18,1.336546642,-9.15E-17,-0.503558716,-3.96E-17
2.68,7.40E-17,-0.412612672,5.67E-18,1.339232254,-9.18E-17,-0.504678192,-3.94E-17
2.69,7.42E-17,-0.41259653,5.54E-18,1.341905899,-9.23E-17,-0.505795027,-3.93E-17
2.7,7.42E-17,-0.412571087,5.58E-18,1.344567622,-9.24E-17,-0.506909243,-3.94E-17
2.71,7.43E-17,-0.412536361,5.50E-18,1.347217465,-9.28E-17,-0.508020864,-3.94E-17
2.72,7.42E-17,-0.412492373,5.65E-18,1.349855471,-9.27E-17,-0.509129912,-3.97E-17
2.73,7.41E-17,-0.412439142,5.70E-18,1.352481682,-9.29E-17,-0.510236411,-3.98E-17
2.74,7.42E-17,-0.412376687,5.65E-18,1.355096139,-9.32E-17,-0.511340382,-3.98E-17
2.75,7.43E-17,-0.412305026,5.58E-18,1.357698882,-9.36E-17,-0.512441848,-3.98E-17
2.76,7.43E-17,-0.412224178,5.60E-18,1.360289953,-9.37E-17,-0.513540829,-3.99E-17
2.77,7.44E-17,-0.412134162,5.58E-18,1.36286939,-9.40E-17,-0.514637346,-3.99E-17
2.78,7.42E-17,-0.412034996,5.75E-18,1.365437231,-9.38E-17,-0.515731421,-4.02E-17
2.79,7.41E-17,-0.411926697,5.87E-18,1.367993516,-9.37E-17,-0.516823074,-4.04E-17
2.8,7.42E-17,-0.411809284,5.83E-18,1.370538282,-9.40E-17,-0.517912324,-4.04E-17
2.81,7.45E-17,-0.411682773,5.66E-18,1.373071566,-9.46E-17,-0.518999192,-4.02E-17
2.82,7.46E-17,-0.411547181,5.56E-18,1.375593405,-9.50E-17,-0.520083697,-4.01E-17
2.83,7.46E-17,-0.411402527,5.64E-18,1.378103834,-9.50E-17,-0.521165857,-4.02E-17
2.84,7.46E-17,-0.411248826,5.66E-18,1.38060289,-9.52E-17,-0.522245692,-4.03E-17
2.85,7.47E-17,-0.411086095,5.55E-18,1.383090607,-9.56E-17,-0.52332322,-4.02E-17
2.86,7.48E-17,-0.41091435,5.50E-18,1.385567019,-9.59E-17,-0.524398458,-4.01E-17
2.87,7.49E-17,-0.410733608,5.42E-18,1.388032161,-9.63E-17,-0.525471425,-4.01E-17
2.88,7.46E-17,-0.410543885,5.70E-18,1.390486066,-9.59E-17,-0.526542139,-4.06E-17
2.89,7.44E-17,-0.410345196,5.96E-18,1.392928767,-9.55E-17,-0.527610615,-4.11E-17
2.9,7.45E-17,-0.410137557,5.91E-18,1.395360296,-9.58E-17,-0.528676871,-4.10E-17
2.91,7.45E-17,-0.409920983,5.96E-18,1.397780685,-9.59E-17,-0.529740924,-4.11E-17
2.92,7.45E-17,-0.409695491,6.01E-18,1.400189966,-9.60E-17,-0.530802789,-4.13E-17
2.93,7.44E-17,-0.409461094,6.13E-18,1.40258817,-9.59E-17,-0.531862482,-4.15E-17
2.94,7.45E-17,-0.409217807,6.01E-18,1.404975327,-9.64E-17,-0.532920019,-4.14E-17
2.95,7.45E-17,-0.408965647,6.08E-18,1.407351467,-9.65E-17,-0.533975416,-4.16E-17
2.96,7.45E-17,-0.408704626,6.10E-18,1.40971662,-9.67E-17,-0.535028686,-4.16E-17
2.97,7.46E-17,-0.40843476,5.99E-18,1.412070815,-9.71E-17,-0.536079846,-4.15E-17
2.98,7.47E-17,-0.408156063,5.97E-18,1.414414081,-9.73E-17,-0.537128908,-4.15E-17
2.99,7.48E-17,-0.407868549,5.94E-18,1.416746446,-9.76E-17,-0.538175888,-4.15E-17
3,7.46E-17,-0.407572232,6.15E-18,1.419067937,-9.73E-17,-0.539220799,-4.19E-17
3.01,7.46E-17,-0.407267126,6.18E-18,1.421378583,-9.75E-17,-0.540263655,-4.21E-17
3.02,7.45E-17,-0.406953245,6.27E-18,1.42367841,-9.76E-17,-0.541304468,-4.23E-17
3.03,7.44E-17,-0.406630602,6.32E-18,1.425967445,-9.77E-17,-0.542343253,-4.24E-17
3.04,7.42E-17,-0.406299211,6.54E-18,1.428245714,-9.74E-17,-0.54338002,-4.29E-17
3.05,7.41E-17,-0.405959085,6.68E-18,1.430513243,-9.73E-17,-0.544414784,-4.32E-17
3.06,7.41E-17,-0.405610237,6.71E-18,1.432770057,-9.75E-17,-0.545447555,-4.33E-17
3.07,7.42E-17,-0.405252681,6.69E-18,1.435016182,-9.77E-17,-0.546478347,-4.33E-17
3.08,7.42E-17,-0.404886429,6.70E-18,1.437251641,-9.79E-17,-0.547507169,-4.34E-17
3.09,7.41E-17,-0.404511495,6.76E-18,1.439476459,-9.80E-17,-0.548534035,-4.35E-17
3.1,7.41E-17,-0.40412789,6.78E-18,1.441690659,-9.82E-17,-0.549558954,-4.36E-17
3.11,7.41E-17,-0.403735629,6.82E-18,1.443894267,-9.83E-17,-0.550581938,-4.38E-17
3.12,7.41E-17,-0.403334723,6.89E-18,1.446087303,-9.84E-17,-0.551602997,-4.39E-17
3.13,7.41E-17,-0.402925184,6.88E-18,1.448269792,-9.86E-17,-0.552622142,-4.40E-17
3.14,7.42E-17,-0.402507026,6.86E-18,1.450441755,-9.89E-17,-0.553639382,-4.40E-17
3.15,7.40E-17,-0.402080261,7.03E-18,1.452603215,-9.88E-17,-0.554654726,-4.44E-17
3.16,7.41E-17,-0.401644899,6.94E-18,1.454754194,-9.92E-17,-0.555668186,-4.43E-17
3.17,7.42E-17,-0.401200955,6.86E-18,1.456894712,-9.96E-17,-0.556679769,-4.43E-17
3.18,7.43E-17,-0.400748439,6.78E-18,1.45902479,-9.99E-17,-0.557689486,-4.42E-17
3.19,7.42E-17,-0.400287365,6.94E-18,1.46114445,-9.98E-17,-0.558697343,-4.45E-17
3.2,7.39E-17,-0.399817742,7.28E-18,1.463253712,-9.94E-17,-0.559703351,-4.52E-17
3.21,7.37E-17,-0.399339584,7.47E-18,1.465352595,-9.92E-17,-0.560707517,-4.56E-17
3.22,7.37E-17,-0.398852901,7.46E-18,1.46744112,-9.94E-17,-0.56170985,-4.56E-17
3.23,7.38E-17,-0.398357707,7.42E-18,1.469519305,-9.97E-17,-0.562710356,-4.56E-17
3.24,7.38E-17,-0.397854011,7.46E-18,1.47158717,-9.98E-17,-0.563709044,-4.57E-17
3.25,7.38E-17,-0.397341826,7.50E-18,1.473644734,-9.99E-17,-0.564705921,-4.58E-17
3.26,7.38E-17,-0.396821163,7.56E-18,1.475692015,-9.99E-17,-0.565700993,-4.59E-17
3.27,7.37E-17,-0.396292033,7.69E-18,1.477729031,-9.99E-17,-0.566694268,-4.63E-17
3.28,7.37E-17,-0.395754448,7.74E-18,1.4797558,-1.00E-16,-0.567685752,-4.64E-17
3.29,7.34E-17,-0.395208419,7.98E-18,1.481772339,-9.97E-17,-0.568675452,-4.69E-17
3.3,7.34E-17,-0.394653957,8.03E-18,1.483778667,-9.98E-17,-0.569663373,-4.70E-17
3.31,7.35E-17,-0.394091074,7.96E-18,1.485774799,-1.00E-16,-0.570649521,-4.69E-17
3.32,7.33E-17,-0.393519779,8.24E-18,1.487760753,-9.98E-17,-0.571633902,-4.75E-17
3.33,7.33E-17,-0.392940085,8.23E-18,1.489736544,-1.00E-16,-0.572616521,-4.75E-17
3.34,7.34E-17,-0.392352002,8.19E-18,1.49170219,-1.00E-16,-0.573597384,-4.75E-17
3.35,7.33E-17,-0.391755542,8.28E-18,1.493657706,-1.00E-16,-0.574576495,-4.77E-17
3.36,7.34E-17,-0.391150715,8.24E-18,1.495603107,-1.01E-16,-0.575553859,-4.77E-17
3.37,7.33E-17,-0.390537532,8.31E-18,1.497538409,-1.01E-16,-0.576529481,-4.79E-17
3.38,7.32E-17,-0.389916004,8.50E-18,1.499463627,-1.01E-16,-0.577503364,-4.83E-17
3.39,7.31E-17,-0.389286141,8.56E-18,1.501378776,-1.01E-16,-0.578475512,-4.85E-17
3.4,7.30E-17,-0.388647955,8.73E-18,1.503283871,-1.00E-16,-0.57944593,-4.89E-17
3.41,7.27E-17,-0.388001456,9.09E-18,1.505178924,-1.00E-16,-0.580414621,-4.96E-17
3.42,7.25E-17,-0.387346656,9.24E-18,1.507063952,-9.99E-17,-0.581381588,-5.00E-17
3.43,7.24E-17,-0.386683564,9.42E-18,1.508938967,-9.98E-17,-0.582346835,-5.04E-17
3.44,7.22E-17,-0.386012191,9.62E-18,1.510803983,-9.96E-17,-0.583310364,-5.08E-17
3.45,7.23E-17,-0.385332549,9.54E-18,1.512659014,-1.00E-16,-0.584272178,-5.07E-17
3.46,7.23E-17,-0.384644647,9.64E-18,1.514504072,-9.99E-17,-0.585232279,-5.09E-17
3.47,7.21E-17,-0.383948496,9.85E-18,1.51633917,-9.97E-17,-0.586190669,-5.13E-17
3.48,7.20E-17,-0.383244107,9.99E-18,1.518164322,-9.96E-17,-0.587147352,-5.17E-17
3.49,7.21E-17,-0.382531491,9.95E-18,1.519979539,-9.99E-17,-0.588102328,-5.17E-17
3.5,7.20E-17,-0.381810657,9.99E-18,1.521784833,-1.00E-16,-0.589055599,-5.18E-17
3.51,7.20E-17,-0.381081618,1.00E-17,1.523580217,-1.00E-16,-0.590007166,-5.19E-17
3.52,7.19E-17,-0.380344382,1.01E-17,1.525365702,-1.00E-16,-0.59095703,-5.22E-17
3.53,7.20E-17,-0.379598962,1.01E-17,1.5271413,-1.01E-16,-0.591905194,-5.23E-17
3.54,7.20E-17,-0.378845366,1.01E-17,1.528907023,-1.01E-16,-0.592851656,-5.23E-17
3.55,7.20E-17,-0.378083607,1.01E-17,1.53066288,-1.01E-16,-0.593796418,-5.24E-17
3.56,7.19E-17,-0.377313694,1.02E-17,1.532408883,-1.01E-16,-0.594739481,-5.27E-17
3.57,7.18E-17,-0.376535638,1.04E-17,1.534145044,-1.01E-16,-0.595680843,-5.30E-17
3.58,7.19E-17,-0.375749449,1.03E-17,1.535871371,-1.01E-16,-0.596620506,-5.29E-17
3.59,7.20E-17,-0.374955139,1.02E-17,1.537587876,-1.02E-16,-0.597558468,-5.28E-17
3.6,7.20E-17,-0.374152718,1.03E-17,1.539294569,-1.02E-16,-0.59849473,-5.30E-17
3.61,7.20E-17,-0.373342196,1.03E-17,1.540991459,-1.02E-16,-0.59942929,-5.32E-17
3.62,7.19E-17,-0.372523583,1.04E-17,1.542678557,-1.02E-16,-0.600362148,-5.34E-17
3.63,7.19E-17,-0.371696892,1.04E-17,1.544355871,-1.02E-16,-0.601293303,-5.35E-17
3.64,7.20E-17,-0.370862131,1.03E-17,1.546023411,-1.02E-16,-0.602222752,-5.34E-17
3.65,7.18E-17,-0.370019313,1.06E-17,1.547681186,-1.02E-16,-0.603150496,-5.39E-17
3.66,7.19E-17,-0.369168447,1.05E-17,1.549329206,-1.03E-16,-0.604076531,-5.38E-17
3.67,7.19E-17,-0.368309544,1.05E-17,1.550967478,-1.03E-16,-0.605000857,-5.39E-17
3.68,7.20E-17,-0.367442615,1.04E-17,1.552596012,-1.03E-16,-0.60592347,-5.38E-17
3.69,7.19E-17,-0.366567671,1.06E-17,1.554214816,-1.03E-16,-0.606844369,-5.42E-17
3.7,7.18E-17,-0.365684722,1.07E-17,1.555823898,-1.03E-16,-0.607763552,-5.44E-17
3.71,7.18E-17,-0.36479378,1.07E-17,1.557423266,-1.03E-16,-0.608681014,-5.45E-17
3.72,7.17E-17,-0.363894854,1.09E-17,1.559012928,-1.03E-16,-0.609596754,-5.50E-17
3.73,7.15E-17,-0.362987957,1.12E-17,1.560592892,-1.03E-16,-0.610510769,-5.55E-17
3.74,7.14E-17,-0.362073098,1.13E-17,1.562163166,-1.03E-16,-0.611423055,-5.58E-17
3.75,7.13E-17,-0.361150288,1.15E-17,1.563723756,-1.02E-16,-0.612333608,-5.62E-17
3.76,7.13E-17,-0.36021954,1.15E-17,1.565274671,-1.03E-16,-0.613242425,-5.63E-17
3.77,7.11E-17,-0.359280863,1.17E-17,1.566815917,-1.02E-16,-0.614149502,-5.69E-17
3.78,7.11E-17,-0.358334268,1.18E-17,1.5683475,-1.03E-16,-0.615054835,-5.70E-17
3.79,7.12E-17,-0.357379767,1.17E-17,1.569869429,-1.03E-16,-0.61595842,-5.69E-17
3.8,7.12E-17,-0.356417371,1.18E-17,1.57138171,-1.03E-16,-0.616860253,-5.71E-17
3.81,7.11E-17,-0.35544709,1.19E-17,1.572884348,-1.03E-16,-0.617760327,-5.73E-17
3.82,7.09E-17,-0.354468937,1.21E-17,1.574377351,-1.03E-16,-0.61865864,-5.79E-17
3.83,7.10E-17,-0.353482921,1.21E-17,1.575860725,-1.03E-16,-0.619555186,-5.79E-17
3.84,7.09E-17,-0.352489056,1.22E-17,1.577334475,-1.03E-16,-0.620449959,-5.81E-17
3.85,7.09E-17,-0.35148735,1.23E-17,1.578798607,-1.03E-16,-0.621342954,-5.84E-17
3.86,7.07E-17,-0.350477817,1.25E-17,1.580253128,-1.03E-16,-0.622234166,-5.89E-17
3.87,7.08E-17,-0.349460468,1.24E-17,1.581698043,-1.03E-16,-0.623123589,-5.88E-17
3.88,7.07E-17,-0.348435313,1.25E-17,1.583133358,-1.03E-16,-0.624011217,-5.91E-17
3.89,7.08E-17,-0.347402365,1.25E-17,1.584559077,-1.03E-16,-0.624897043,-5.91E-17
3.9,7.08E-17,-0.346361634,1.25E-17,1.585975206,-1.04E-16,-0.625781063,-5.91E-17
3.91,7.08E-17,-0.345313133,1.24E-17,1.58738175,-1.04E-16,-0.626663268,-5.91E-17
3.92,7.07E-17,-0.344256874,1.26E-17,1.588778715,-1.04E-16,-0.627543653,-5.95E-17
3.93,7.08E-17,-0.343192867,1.26E-17,1.590166104,-1.04E-16,-0.62842221,-5.95E-17
3.94,7.07E-17,-0.342121125,1.28E-17,1.591543923,-1.04E-16,-0.629298932,-5.99E-17
3.95,7.07E-17,-0.341041659,1.27E-17,1.592912176,-1.04E-16,-0.630173813,-5.99E-17
3.96,7.05E-17,-0.339954482,1.29E-17,1.594270869,-1.04E-16,-0.631046845,-6.05E-17
3.97,7.03E-17,-0.338859605,1.34E-17,1.595620004,-1.03E-16,-0.63191802,-6.14E-17
3.98,7.02E-17,-0.33775704,1.35E-17,1.596959586,-1.03E-16,-0.632787331,-6.17E-17
3.99,7.02E-17,-0.3366468,1.35E-17,1.598289621,-1.03E-16,-0.63365477,-6.19E-17
4,7.01E-17,-0.335528896,1.36E-17,1.59961011,-1.03E-16,-0.634520328,-6.21E-17
4.01,7.01E-17,-0.33440334,1.37E-17,1.600921059,-1.03E-16,-0.635383997,-6.24E-17
4.02,6.99E-17,-0.333270146,1.40E-17,1.602222472,-1.03E-16,-0.636245769,-6.30E-17
4.03,7.00E-17,-0.332129324,1.40E-17,1.603514351,-1.03E-16,-0.637105636,-6.30E-17
4.04,7.00E-17,-0.330980889,1.39E-17,1.6047967,-1.04E-16,-0.637963588,-6.29E-17
4.05,6.98E-17,-0.329824851,1.42E-17,1.606069524,-1.03E-16,-0.638819617,-6.36E-17
4.06,6.99E-17,-0.328661223,1.41E-17,1.607332825,-1.04E-16,-0.639673713,-6.35E-17
4.07,7.00E-17,-0.327490019,1.41E-17,1.608586606,-1.04E-16,-0.640525867,-6.34E-17
4.08,6.99E-17,-0.32631125,1.42E-17,1.609830872,-1.04E-16,-0.64137607,-6.39E-17
4.09,6.99E-17,-0.32512493,1.42E-17,1.611065624,-1.04E-16,-0.642224312,-6.38E-17
4.1,6.99E-17,-0.323931071,1.43E-17,1.612290866,-1.04E-16,-0.643070583,-6.40E-17
4.11,6.99E-17,-0.322729685,1.43E-17,1.6135066,-1.05E-16,-0.643914873,-6.41E-17
4.12,6.98E-17,-0.321520787,1.44E-17,1.61471283,-1.04E-16,-0.644757172,-6.45E-17
4.13,6.97E-17,-0.320304389,1.45E-17,1.615909558,-1.04E-16,-0.645597471,-6.48E-17
4.14,6.98E-17,-0.319080504,1.45E-17,1.617096787,-1.05E-16,-0.646435757,-6.48E-17
4.15,6.97E-17,-0.317849145,1.46E-17,1.618274519,-1.05E-16,-0.647272022,-6.50E-17
4.16,6.96E-17,-0.316610325,1.47E-17,1.619442757,-1.05E-16,-0.648106253,-6.55E-17
4.17,6.95E-17,-0.315364058,1.49E-17,1.620601503,-1.05E-16,-0.64893844,-6.59E-17
4.18,6.95E-17,-0.314110357,1.50E-17,1.621750759,-1.05E-16,-0.649768573,-6.62E-17
4.19,6.94E-17,-0.312849236,1.51E-17,1.622890527,-1.05E-16,-0.650596638,-6.64E-17
4.2,6.95E-17,-0.311580708,1.50E-17,1.62402081,-1.05E-16,-0.651422626,-6.63E-17
4.21,6.94E-17,-0.310304786,1.51E-17,1.625141609,-1.05E-16,-0.652246525,-6.66E-17
4.22,6.94E-17,-0.309021485,1.52E-17,1.626252927,-1.05E-16,-0.653068322,-6.69E-17
4.23,6.92E-17,-0.307730818,1.56E-17,1.627354765,-1.05E-16,-0.653888007,-6.79E-17
4.24,6.90E-17,-0.306432799,1.58E-17,1.628447125,-1.04E-16,-0.654705566,-6.85E-17
4.25,6.89E-17,-0.305127441,1.60E-17,1.629530008,-1.04E-16,-0.655520988,-6.89E-17
4.26,6.89E-17,-0.30381476,1.61E-17,1.630603417,-1.04E-16,-0.65633426,-6.93E-17
4.27,6.88E-17,-0.302494768,1.62E-17,1.631667353,-1.04E-16,-0.65714537,-6.98E-17
4.28,6.87E-17,-0.301167481,1.64E-17,1.632721818,-1.04E-16,-0.657954305,-7.03E-17
4.29,6.87E-17,-0.299832912,1.64E-17,1.633766811,-1.04E-16,-0.658761052,-7.03E-17
4.3,6.86E-17,-0.298491076,1.65E-17,1.634802336,-1.04E-16,-0.659565599,-7.07E-17
4.31,6.86E-17,-0.297141987,1.66E-17,1.635828394,-1.04E-16,-0.660367932,-7.09E-17
4.32,6.86E-17,-0.295785659,1.66E-17,1.636844985,-1.04E-16,-0.661168037,-7.10E-17
4.33,6.87E-17,-0.294422108,1.65E-17,1.63785211,-1.05E-16,-0.661965902,-7.07E-17
4.34,6.86E-17,-0.293051347,1.67E-17,1.638849772,-1.05E-16,-0.662761513,-7.11E-17
4.35,6.86E-17,-0.291673393,1.68E-17,1.63983797,-1.05E-16,-0.663554856,-7.15E-17
4.36,6.86E-17,-0.290288258,1.67E-17,1.640816705,-1.05E-16,-0.664345917,-7.12E-17
4.37,6.87E-17,-0.288895959,1.65E-17,1.64178598,-1.06E-16,-0.665134683,-7.09E-17
4.38,6.88E-17,-0.287496511,1.64E-17,1.642745794,-1.06E-16,-0.665921138,-7.06E-17
4.39,6.88E-17,-0.286089928,1.65E-17,1.643696148,-1.06E-16,-0.66670527,-7.09E-17
4.4,6.87E-17,-0.284676226,1.66E-17,1.644637043,-1.06E-16,-0.667487062,-7.12E-17
4.41,6.87E-17,-0.283255419,1.66E-17,1.645568479,-1.07E-16,-0.668266502,-7.14E-17
4.42,6.86E-17,-0.281827524,1.68E-17,1.646490458,-1.06E-16,-0.669043574,-7.20E-17
4.43,6.85E-17,-0.280392556,1.70E-17,1.647402979,-1.06E-16,-0.669818263,-7.26E-17
4.44,6.84E-17,-0.27895053,1.72E-17,1.648306044,-1.06E-16,-0.670590554,-7.31E-17
4.45,6.84E-17,-0.277501461,1.72E-17,1.649199653,-1.06E-16,-0.671360432,-7.32E-17
4.46,6.84E-17,-0.276045367,1.72E-17,1.650083805,-1.06E-16,-0.672127882,-7.32E-17
4.47,6.85E-17,-0.274582261,1.72E-17,1.650958502,-1.07E-16,-0.672892888,-7.32E-17
4.48,6.84E-17,-0.273112161,1.72E-17,1.651823744,-1.07E-16,-0.673655436,-7.34E-17
4.49,6.84E-17,-0.271635082,1.74E-17,1.652679531,-1.07E-16,-0.674415508,-7.37E-17
4.5,6.84E-17,-0.27015104,1.74E-17,1.653525863,-1.07E-16,-0.67517309,-7.39E-17
4.51,6.84E-17,-0.268660051,1.74E-17,1.654362741,-1.07E-16,-0.675928166,-7.40E-17
4.52,6.84E-17,-0.267162133,1.74E-17,1.655190164,-1.08E-16,-0.676680718,-7.40E-17
4.53,6.85E-17,-0.265657299,1.72E-17,1.656008133,-1.08E-16,-0.677430733,-7.36E-17
4.54,6.85E-17,-0.264145569,1.72E-17,1.656816648,-1.08E-16,-0.678178192,-7.38E-17
4.55,6.84E-17,-0.262626956,1.73E-17,1.657615708,-1.08E-16,-0.678923079,-7.41E-17
4.56,6.84E-17,-0.26110148,1.75E-17,1.658405315,-1.08E-16,-0.679665378,-7.45E-17
4.57,6.84E-17,-0.259569155,1.74E-17,1.659185466,-1.09E-16,-0.680405073,-7.45E-17
4.58,6.84E-17,-0.258029999,1.74E-17,1.659956164,-1.09E-16,-0.681142146,-7.44E-17
4.59,6.84E-17,-0.256484028,1.74E-17,1.660717406,-1.09E-16,-0.681876581,-7.46E-17
4.6,6.84E-17,-0.25493126,1.75E-17,1.661469194,-1.09E-16,-0.682608359,-7.49E-17
4.61,6.84E-17,-0.253371711,1.75E-17,1.662211527,-1.10E-16,-0.683337466,-7.49E-17
4.62,6.83E-17,-0.251805399,1.78E-17,1.662944405,-1.09E-16,-0.684063882,-7.58E-17
4.63,6.82E-17,-0.25023234,1.78E-17,1.663667828,-1.09E-16,-0.68478759,-7.60E-17
4.64,6.82E-17,-0.248652553,1.79E-17,1.664381794,-1.09E-16,-0.685508574,-7.62E-17
4.65,6.82E-17,-0.247066054,1.80E-17,1.665086305,-1.09E-16,-0.686226815,-7.65E-17
4.66,6.82E-17,-0.24547286,1.81E-17,1.665781359,-1.09E-16,-0.686942295,-7.67E-17
4.67,6.82E-17,-0.24387299,1.81E-17,1.666466956,-1.10E-16,-0.687654997,-7.67E-17
4.68,6.82E-17,-0.24226646,1.82E-17,1.667143096,-1.10E-16,-0.688364903,-7.70E-17
4.69,6.81E-17,-0.240653289,1.84E-17,1.667809778,-1.09E-16,-0.689071995,-7.78E-17
4.7,6.80E-17,-0.239033495,1.85E-17,1.668467003,-1.09E-16,-0.689776254,-7.82E-17
4.71,6.80E-17,-0.237407094,1.86E-17,1.669114768,-1.09E-16,-0.690477662,-7.84E-17
4.72,6.80E-17,-0.235774106,1.87E-17,1.669753074,-1.09E-16,-0.691176201,-7.87E-17
4.73,6.81E-17,-0.234134548,1.86E-17,1.670381921,-1.10E-16,-0.691871852,-7.85E-17
4.74,6.80E-17,-0.232488438,1.87E-17,1.671001308,-1.10E-16,-0.692564596,-7.88E-17
4.75,6.79E-17,-0.230835794,1.90E-17,1.671611233,-1.09E-16,-0.693254416,-7.96E-17
4.76,6.80E-17,-0.229176635,1.89E-17,1.672211697,-1.10E-16,-0.693941291,-7.95E-17
4.77,6.80E-17,-0.227510979,1.90E-17,1.672802699,-1.10E-16,-0.694625204,-7.96E-17
4.78,6.80E-17,-0.225838844,1.90E-17,1.673384239,-1.10E-16,-0.695306134,-7.98E-17
4.79,6.80E-17,-0.22416025,1.90E-17,1.673956315,-1.10E-16,-0.695984063,-7.98E-17
4.8,6.79E-17,-0.222475214,1.92E-17,1.674518927,-1.10E-16,-0.696658972,-8.03E-17
4.81,6.79E-17,-0.220783755,1.93E-17,1.675072074,-1.10E-16,-0.697330842,-8.07E-17
4.82,6.79E-17,-0.219085892,1.92E-17,1.675615756,-1.10E-16,-0.697999652,-8.06E-17
4.83,6.79E-17,-0.217381644,1.94E-17,1.676149972,-1.10E-16,-0.698665383,-8.09E-17
4.84,6.80E-17,-0.215671029,1.93E-17,1.676674721,-1.11E-16,-0.699328017,-8.08E-17
4.85,6.79E-17,-0.213954067,1.94E-17,1.677190003,-1.11E-16,-0.699987532,-8.10E-17
4.86,6.79E-17,-0.212230777,1.95E-17,1.677695816,-1.10E-16,-0.70064391,-8.15E-17
4.87,6.79E-17,-0.210501178,1.97E-17,1.678192159,-1.10E-16,-0.70129713,-8.20E-17
4.88,6.79E-17,-0.208765289,1.97E-17,1.678679033,-1.10E-16,-0.701947173,-8.22E-17
4.89,6.78E-17,-0.207023129,2.00E-17,1.679156436,-1.10E-16,-0.702594018,-8.32E-17
4.9,6.78E-17,-0.205274718,2.01E-17,1.679624368,-1.10E-16,-0.703237645,-8.34E-17
4.91,6.78E-17,-0.203520074,2.02E-17,1.680082827,-1.10E-16,-0.703878034,-8.37E-17
4.92,6.78E-17,-0.201759219,2.02E-17,1.680531813,-1.10E-16,-0.704515166,-8.38E-17
4.93,6.78E-17,-0.199992171,2.01E-17,1.680971325,-1.11E-16,-0.705149018,-8.34E-17
4.94,6.78E-17,-0.198218949,2.01E-17,1.681401362,-1.11E-16,-0.705779572,-8.36E-17
4.95,6.78E-17,-0.196439574,2.01E-17,1.681821924,-1.11E-16,-0.706406806,-8.36E-17
4.96,6.78E-17,-0.194654066,2.01E-17,1.682233008,-1.11E-16,-0.707030699,-8.37E-17
4.97,6.78E-17,-0.192862444,2.02E-17,1.682634616,-1.11E-16,-0.707651232,-8.39E-17
4.98,6.79E-17,-0.191064727,2.01E-17,1.683026745,-1.12E-16,-0.708268383,-8.37E-17
4.99,6.78E-17,-0.189260937,2.02E-17,1.683409394,-1.12E-16,-0.708882132,-8.40E-17
5,6.78E-17,-0.187451094,2.04E-17,1.683782564,-1.12E-16,-0.709492458,-8.46E-17
5.01,6.78E-17,-0.185635216,2.05E-17,1.684146253,-1.11E-16,-0.710099339,-8.51E-17
5.02,6.78E-17,-0.183813325,2.05E-17,1.68450046,-1.12E-16,-0.710702754,-8.52E-17
5.03,6.78E-17,-0.181985441,2.05E-17,1.684845184,-1.12E-16,-0.711302683,-8.51E-17
5.04,6.78E-17,-0.180151583,2.06E-17,1.685180425,-1.12E-16,-0.711899105,-8.54E-17
5.05,6.78E-17,-0.178311773,2.05E-17,1.685506181,-1.12E-16,-0.712491997,-8.51E-17
5.06,6.78E-17,-0.176466031,2.05E-17,1.685822451,-1.13E-16,-0.71308134,-8.50E-17
5.07,6.79E-17,-0.174614378,2.04E-17,1.686129236,-1.13E-16,-0.713667111,-8.49E-17
5.08,6.79E-17,-0.172756833,2.05E-17,1.686426533,-1.13E-16,-0.714249289,-8.50E-17
5.09,6.79E-17,-0.170893418,2.05E-17,1.686714342,-1.14E-16,-0.714827852,-8.50E-17
5.1,6.79E-17,-0.169024153,2.06E-17,1.686992662,-1.14E-16,-0.715402779,-8.55E-17
5.11,6.79E-17,-0.167149059,2.05E-17,1.687261492,-1.14E-16,-0.715974049,-8.53E-17
5.12,6.79E-17,-0.165268157,2.07E-17,1.687520831,-1.14E-16,-0.71654164,-8.58E-17
5.13,6.79E-17,-0.163381467,2.07E-17,1.687770678,-1.14E-16,-0.71710553,-8.59E-17
5.14,6.79E-17,-0.161489011,2.06E-17,1.688011033,-1.14E-16,-0.717665697,-8.58E-17
5.15,6.79E-17,-0.159590809,2.06E-17,1.688241895,-1.15E-16,-0.71822212,-8.57E-17
5.16,6.79E-17,-0.157686883,2.06E-17,1.688463262,-1.15E-16,-0.718774776,-8.55E-17
5.17,6.79E-17,-0.155777253,2.07E-17,1.688675134,-1.15E-16,-0.719323644,-8.61E-17
5.18,6.79E-17,-0.15386194,2.08E-17,1.688877509,-1.15E-16,-0.719868702,-8.65E-17
5.19,6.79E-17,-0.151940966,2.08E-17,1.689070388,-1.15E-16,-0.720409928,-8.65E-17
5.2,6.79E-17,-0.150014353,2.09E-17,1.689253768,-1.15E-16,-0.7209473,-8.70E-17
5.21,6.79E-17,-0.14808212,2.11E-17,1.68942765,-1.15E-16,-0.721480796,-8.75E-17
5.22,6.79E-17,-0.146144289,2.11E-17,1.689592032,-1.15E-16,-0.722010393,-8.76E-17
5.23,6.79E-17,-0.144200883,2.12E-17,1.689746914,-1.15E-16,-0.72253607,-8.80E-17
5.24,6.79E-17,-0.142251921,2.13E-17,1.689892294,-1.15E-16,-0.723057804,-8.83E-17
5.25,6.79E-17,-0.140297426,2.14E-17,1.690028172,-1.15E-16,-0.723575573,-8.86E-17
5.26,6.79E-17,-0.138337418,2.14E-17,1.690154547,-1.15E-16,-0.724089355,-8.89E-17
5.27,6.80E-17,-0.136371921,2.15E-17,1.690271418,-1.15E-16,-0.724599128,-8.93E-17
5.28,6.80E-17,-0.134400954,2.16E-17,1.690378784,-1.15E-16,-0.725104869,-8.93E-17
5.29,6.80E-17,-0.132424539,2.15E-17,1.690476644,-1.15E-16,-0.725606555,-8.91E-17
5.3,6.80E-17,-0.130442699,2.15E-17,1.690564998,-1.16E-16,-0.726104166,-8.91E-17
5.31,6.80E-17,-0.128455454,2.15E-17,1.690643845,-1.16E-16,-0.726597677,-8.89E-17
5.32,6.80E-17,-0.126462827,2.15E-17,1.690713184,-1.16E-16,-0.727087067,-8.90E-17
5.33,6.80E-17,-0.124464839,2.16E-17,1.690773013,-1.16E-16,-0.727572314,-8.93E-17
5.34,6.80E-17,-0.122461511,2.15E-17,1.690823333,-1.17E-16,-0.728053394,-8.92E-17
5.35,6.80E-17,-0.120452866,2.15E-17,1.690864143,-1.17E-16,-0.728530285,-8.92E-17
5.36,6.80E-17,-0.118438926,2.16E-17,1.690895441,-1.17E-16,-0.729002965,-8.95E-17
5.37,6.80E-17,-0.116419711,2.17E-17,1.690917228,-1.17E-16,-0.729471411,-8.97E-17
5.38,6.81E-17,-0.114395244,2.17E-17,1.690929501,-1.17E-16,-0.729935601,-9.00E-17
5.39,6.81E-17,-0.112365548,2.17E-17,1.690932261,-1.18E-16,-0.730395512,-8.98E-17
5.4,6.81E-17,-0.110330642,2.17E-17,1.690925506,-1.18E-16,-0.730851121,-8.98E-17
5.41,6.81E-17,-0.108290551,2.16E-17,1.690909236,-1.18E-16,-0.731302406,-8.97E-17
5.42,6.81E-17,-0.106245295,2.16E-17,1.690883451,-1.19E-16,-0.731749344,-8.95E-17
5.43,6.81E-17,-0.104194896,2.18E-17,1.690848148,-1.18E-16,-0.732191913,-9.02E-17
5.44,6.81E-17,-0.102139376,2.19E-17,1.690803329,-1.18E-16,-0.73263009,-9.08E-17
5.45,6.82E-17,-0.100078758,2.20E-17,1.690748991,-1.18E-16,-0.733063852,-9.14E-17
5.46,6.82E-17,-0.098013063,2.21E-17,1.690685135,-1.18E-16,-0.733493176,-9.16E-17
5.47,6.82E-17,-0.095942314,2.22E-17,1.690611759,-1.17E-16,-0.733918041,-9.23E-17
5.48,6.82E-17,-0.093866531,2.23E-17,1.690528862,-1.18E-16,-0.734338423,-9.24E-17
5.49,6.83E-17,-0.091785738,2.24E-17,1.690436445,-1.17E-16,-0.7347543,-9.29E-17
5.5,6.83E-17,-0.089699956,2.24E-17,1.690334507,-1.18E-16,-0.735165648,-9.29E-17
5.51,6.83E-17,-0.087609208,2.25E-17,1.690223046,-1.18E-16,-0.735572446,-9.33E-17
5.52,6.83E-17,-0.085513515,2.25E-17,1.690102062,-1.18E-16,-0.735974671,-9.34E-17
5.53,6.83E-17,-0.083412899,2.26E-17,1.689971554,-1.18E-16,-0.736372299,-9.39E-17
5.54,6.84E-17,-0.081307383,2.27E-17,1.689831522,-1.18E-16,-0.736765309,-9.43E-17
5.55,6.84E-17,-0.079196988,2.26E-17,1.689681965,-1.18E-16,-0.737153678,-9.41E-17
5.56,6.84E-17,-0.077081737,2.27E-17,1.689522883,-1.18E-16,-0.737537382,-9.44E-17
5.57,6.84E-17,-0.074961651,2.28E-17,1.689354274,-1.18E-16,-0.7379164,-9.51E-17
5.58,6.85E-17,-0.072836753,2.29E-17,1.689176139,-1.18E-16,-0.738290709,-9.55E-17
5.59,6.85E-17,-0.070707064,2.30E-17,1.688988476,-1.17E-16,-0.738660286,-9.60E-17
5.6,6.85E-17,-0.068572607,2.31E-17,1.688791285,-1.17E-16,-0.739025109,-9.63E-17
5.61,6.85E-17,-0.066433404,2.31E-17,1.688584565,-1.18E-16,-0.739385154,-9.64E-17
5.62,6.85E-17,-0.064289476,2.31E-17,1.688368315,-1.18E-16,-0.7397404,-9.63E-17
5.63,6.86E-17,-0.062140846,2.32E-17,1.688142536,-1.18E-16,-0.740090823,-9.69E-17
5.64,6.86E-17,-0.059987536,2.32E-17,1.687907226,-1.18E-16,-0.740436402,-9.69E-17
5.65,6.86E-17,-0.057829567,2.32E-17,1.687662385,-1.18E-16,-0.740777114,-9.67E-17
5.66,6.86E-17,-0.055666962,2.33E-17,1.687408012,-1.18E-16,-0.741112936,-9.71E-17
5.67,6.87E-17,-0.053499742,2.34E-17,1.687144107,-1.18E-16,-0.741443845,-9.79E-17
5.68,6.87E-17,-0.05132793,2.35E-17,1.686870669,-1.18E-16,-0.74176982,-9.83E-17
5.69,6.88E-17,-0.049151547,2.36E-17,1.686587697,-1.17E-16,-0.742090837,-9.91E-17
5.7,6.88E-17,-0.046970615,2.36E-17,1.686295192,-1.18E-16,-0.742406875,-9.90E-17
5.71,6.89E-17,-0.044785156,2.37E-17,1.685993151,-1.18E-16,-0.742717911,-9.94E-17
5.72,6.89E-17,-0.042595192,2.38E-17,1.685681575,-1.18E-16,-0.743023923,-9.97E-17
5.73,6.89E-17,-0.040400745,2.38E-17,1.685360464,-1.18E-16,-0.743324888,-9.98E-17
5.74,6.90E-17,-0.038201836,2.39E-17,1.685029816,-1.18E-16,-0.743620784,-1.00E-16
5.75,6.90E-17,-0.035998488,2.39E-17,1.68468963,-1.18E-16,-0.743911589,-1.00E-16
5.76,6.90E-17,-0.033790721,2.40E-17,1.684339908,-1.18E-16,-0.74419728,-1.01E-16
5.77,6.91E-17,-0.031578559,2.41E-17,1.683980647,-1.18E-16,-0.744477835,-1.01E-16
5.78,6.92E-17,-0.029362021,2.42E-17,1.683611848,-1.17E-16,-0.744753233,-1.02E-16
5.79,6.92E-17,-0.027141131,2.42E-17,1.683233509,-1.17E-16,-0.74502345,-1.02E-16
5.8,6.92E-17,-0.024915909,2.43E-17,1.682845631,-1.17E-16,-0.745288465,-1.03E-16
5.81,6.93E-17,-0.022686377,2.43E-17,1.682448212,-1.17E-16,-0.745548256,-1.03E-16
5.82,6.93E-17,-0.020452556,2.43E-17,1.682041252,-1.18E-16,-0.7458028,-1.03E-16
5.83,6.93E-17,-0.018214469,2.44E-17,1.681624751,-1.18E-16,-0.746052077,-1.03E-16
5.84,6.93E-17,-0.015972136,2.43E-17,1.681198707,-1.18E-16,-0.746296063,-1.03E-16
5.85,6.93E-17,-0.013725579,2.43E-17,1.680763121,-1.19E-16,-0.746534736,-1.03E-16
5.86,6.94E-17,-0.011474819,2.45E-17,1.680317992,-1.18E-16,-0.746768076,-1.04E-16
5.87,6.94E-17,-0.009219878,2.45E-17,1.679863318,-1.18E-16,-0.74699606,-1.04E-16
5.88,6.94E-17,-0.006960777,2.44E-17,1.679399101,-1.19E-16,-0.747218666,-1.04E-16
5.89,6.95E-17,-0.004697536,2.46E-17,1.678925338,-1.18E-16,-0.747435873,-1.04E-16
5.9,6.95E-17,-0.002430178,2.46E-17,1.67844203,-1.19E-16,-0.747647658,-1.04E-16
5.91,6.95E-17,-0.000158722,2.46E-17,1.677949175,-1.19E-16,-0.747854001,-1.04E-16
5.92,6.95E-17,0.002116809,2.46E-17,1.677446774,-1.19E-16,-0.74805488,-1.04E-16
5.93,6.95E-17,0.004396395,2.46E-17,1.676934825,-1.20E-16,-0.748250272,-1.04E-16
5.94,6.95E-17,0.006680014,2.46E-17,1.676413328,-1.20E-16,-0.748440157,-1.05E-16
5.95,6.96E-17,0.008967647,2.47E-17,1.675882283,-1.19E-16,-0.748624513,-1.05E-16
5.96,6.97E-17,0.011259272,2.47E-17,1.675341688,-1.19E-16,-0.748803319,-1.05E-16
5.97,6.97E-17,0.013554869,2.48E-17,1.674791543,-1.20E-16,-0.748976553,-1.05E-16
5.98,6.97E-17,0.015854416,2.47E-17,1.674231848,-1.20E-16,-0.749144195,-1.05E-16
5.99,6.98E-17,0.018157893,2.49E-17,1.673662601,-1.20E-16,-0.749306222,-1.06E-16
6,6.98E-17,0.020465281,2.49E-17,1.673083802,-1.20E-16,-0.749462613,-1.06E-16
6.01,6.98E-17,0.022776557,2.49E-17,1.672495451,-1.20E-16,-0.749613348,-1.06E-16
6.02,6.98E-17,0.025091702,2.49E-17,1.671897546,-1.21E-16,-0.749758406,-1.06E-16
6.03,6.98E-17,0.027410696,2.49E-17,1.671290087,-1.21E-16,-0.749897765,-1.06E-16
6.04,6.98E-17,0.029733517,2.49E-17,1.670673073,-1.21E-16,-0.750031404,-1.06E-16
6.05,6.99E-17,0.032060147,2.50E-17,1.670046504,-1.21E-16,-0.750159303,-1.06E-16
6.06,6.99E-17,0.034390564,2.50E-17,1.669410378,-1.21E-16,-0.750281441,-1.06E-16
6.07,6.99E-17,0.03672475,2.50E-17,1.668764695,-1.21E-16,-0.750397797,-1.06E-16
6.08,7.00E-17,0.039062683,2.50E-17,1.668109454,-1.22E-16,-0.75050835,-1.06E-16
6.09,7.01E-17,0.041404344,2.51E-17,1.667444654,-1.21E-16,-0.750613079,-1.07E-16
6.1,7.01E-17,0.043749713,2.51E-17,1.666770295,-1.21E-16,-0.750711964,-1.07E-16
6.11,7.02E-17,0.046098771,2.52E-17,1.666086375,-1.21E-16,-0.750804985,-1.07E-16
6.12,7.02E-17,0.048451498,2.52E-17,1.665392894,-1.22E-16,-0.750892121,-1.07E-16
6.13,7.02E-17,0.050807874,2.52E-17,1.664689851,-1.22E-16,-0.750973351,-1.07E-16
6.14,7.02E-17,0.053167879,2.52E-17,1.663977245,-1.22E-16,-0.751048656,-1.07E-16
6.15,7.02E-17,0.055531495,2.52E-17,1.663255074,-1.23E-16,-0.751118014,-1.07E-16
6.16,7.03E-17,0.057898703,2.52E-17,1.662523339,-1.23E-16,-0.751181407,-1.07E-16
6.17,7.03E-17,0.060269482,2.52E-17,1.661782037,-1.23E-16,-0.751238812,-1.07E-16
6.18,7.02E-17,0.062643814,2.52E-17,1.661031168,-1.23E-16,-0.751290212,-1.07E-16
6.19,7.02E-17,0.065021681,2.52E-17,1.660270732,-1.24E-16,-0.751335585,-1.07E-16
6.2,7.02E-17,0.067403062,2.52E-17,1.659500726,-1.24E-16,-0.751374911,-1.07E-16
6.21,7.02E-17,0.069787939,2.52E-17,1.65872115,-1.25E-16,-0.751408172,-1.07E-16
6.22,7.03E-17,0.072176294,2.52E-17,1.657932002,-1.25E-16,-0.751435346,-1.07E-16
6.23,7.03E-17,0.074568108,2.53E-17,1.657133282,-1.25E-16,-0.751456414,-1.08E-16
6.24,7.04E-17,0.076963362,2.53E-17,1.656324989,-1.25E-16,-0.751471357,-1.08E-16
6.25,7.05E-17,0.079362038,2.53E-17,1.65550712,-1.25E-16,-0.751480155,-1.08E-16
6.26,7.05E-17,0.081764117,2.54E-17,1.654679675,-1.25E-16,-0.751482789,-1.08E-16
6.27,7.07E-17,0.084169582,2.54E-17,1.653842653,-1.24E-16,-0.751479238,-1.09E-16
6.28,7.07E-17,0.086578415,2.54E-17,1.652996052,-1.25E-16,-0.751469485,-1.09E-16
6.29,7.08E-17,0.088990597,2.55E-17,1.652139871,-1.25E-16,-0.751453508,-1.09E-16
6.3,7.09E-17,0.09140611,2.55E-17,1.651274108,-1.24E-16,-0.75143129,-1.10E-16
6.31,7.10E-17,0.093824937,2.55E-17,1.650398763,-1.24E-16,-0.751402811,-1.10E-16
6.32,7.11E-17,0.096247061,2.56E-17,1.649513833,-1.24E-16,-0.751368052,-1.11E-16
6.33,7.12E-17,0.098672463,2.56E-17,1.648619317,-1.24E-16,-0.751326993,-1.11E-16
6.34,7.14E-17,0.101101126,2.57E-17,1.647715214,-1.24E-16,-0.751279617,-1.12E-16
6.35,7.14E-17,0.103533033,2.57E-17,1.646801521,-1.24E-16,-0.751225904,-1.12E-16
6.36,7.15E-17,0.105968166,2.57E-17,1.645878238,-1.24E-16,-0.751165835,-1.13E-16
6.37,7.16E-17,0.10840651,2.58E-17,1.644945363,-1.24E-16,-0.751099392,-1.13E-16
6.38,7.17E-17,0.110848046,2.58E-17,1.644002893,-1.24E-16,-0.751026556,-1.13E-16
6.39,7.17E-17,0.113292757,2.58E-17,1.643050828,-1.24E-16,-0.750947308,-1.14E-16
6.4,7.18E-17,0.115740628,2.58E-17,1.642089165,-1.24E-16,-0.750861631,-1.14E-16
6.41,7.20E-17,0.118191642,2.59E-17,1.641117902,-1.23E-16,-0.750769505,-1.15E-16
6.42,7.20E-17,0.120645782,2.59E-17,1.640137038,-1.24E-16,-0.750670912,-1.15E-16
6.43,7.21E-17,0.123103032,2.59E-17,1.639146571,-1.23E-16,-0.750565834,-1.15E-16
6.44,7.22E-17,0.125563375,2.59E-17,1.638146498,-1.23E-16,-0.750454254,-1.15E-16
6.45,7.23E-17,0.128026796,2.59E-17,1.637136817,-1.23E-16,-0.750336152,-1.16E-16
6.46,7.23E-17,0.130493278,2.59E-17,1.636117527,-1.24E-16,-0.75021151,-1.16E-16
6.47,7.23E-17,0.132962807,2.59E-17,1.635088626,-1.24E-16,-0.750080312,-1.16E-16
6.48,7.23E-17,0.135435365,2.59E-17,1.63405011,-1.24E-16,-0.749942538,-1.16E-16
6.49,7.24E-17,0.137910939,2.60E-17,1.633001978,-1.24E-16,-0.749798172,-1.16E-16
6.5,7.24E-17,0.140389511,2.60E-17,1.631944227,-1.25E-16,-0.749647195,-1.16E-16
6.51,7.24E-17,0.142871068,2.60E-17,1.630876854,-1.25E-16,-0.74948959,-1.16E-16
6.52,7.24E-17,0.145355593,2.60E-17,1.629799859,-1.25E-16,-0.749325339,-1.16E-16
6.53,7.24E-17,0.147843073,2.60E-17,1.628713237,-1.26E-16,-0.749154425,-1.16E-16
6.54,7.24E-17,0.150333491,2.60E-17,1.627616986,-1.26E-16,-0.74897683,-1.16E-16
6.55,7.24E-17,0.152826834,2.60E-17,1.626511104,-1.27E-16,-0.748792537,-1.16E-16
6.56,7.24E-17,0.155323087,2.60E-17,1.625395588,-1.27E-16,-0.748601528,-1.16E-16
6.57,7.26E-17,0.157822235,2.60E-17,1.624270435,-1.27E-16,-0.748403788,-1.16E-16
6.58,7.27E-17,0.160324264,2.60E-17,1.623135642,-1.27E-16,-0.748199297,-1.17E-16
6.59,7.28E-17,0.16282916,2.60E-17,1.621991206,-1.27E-16,-0.74798804,-1.17E-16
6.6,7.29E-17,0.16533691,2.60E-17,1.620837124,-1.27E-16,-0.74777,-1.17E-16
6.61,7.30E-17,0.167847498,2.61E-17,1.619673393,-1.26E-16,-0.747545159,-1.18E-16
6.62,7.32E-17,0.170360913,2.61E-17,1.618500011,-1.26E-16,-0.7473135,-1.18E-16
6.63,7.33E-17,0.172877139,2.61E-17,1.617316972,-1.26E-16,-0.747075008,-1.19E-16
6.64,7.35E-17,0.175396164,2.61E-17,1.616124275,-1.26E-16,-0.746829665,-1.19E-16
6.65,7.36E-17,0.177917975,2.61E-17,1.614921916,-1.25E-16,-0.746577454,-1.20E-16
6.66,7.37E-17,0.180442558,2.61E-17,1.613709891,-1.26E-16,-0.74631836,-1.20E-16
6.67,7.38E-17,0.1829699,2.61E-17,1.612488197,-1.26E-16,-0.746052366,-1.20E-16
6.68,7.38E-17,0.18549999,2.61E-17,1.611256831,-1.26E-16,-0.745779455,-1.20E-16
6.69,7.38E-17,0.188032813,2.62E-17,1.610015787,-1.26E-16,-0.745499611,-1.20E-16
6.7,7.40E-17,0.190568359,2.62E-17,1.608765063,-1.26E-16,-0.745212817,-1.21E-16
6.71,7.39E-17,0.193106614,2.62E-17,1.607504655,-1.26E-16,-0.744919059,-1.21E-16
6.72,7.41E-17,0.195647566,2.62E-17,1.606234558,-1.26E-16,-0.744618319,-1.21E-16
6.73,7.43E-17,0.198191204,2.62E-17,1.604954769,-1.26E-16,-0.744310582,-1.22E-16
6.74,7.42E-17,0.200737516,2.62E-17,1.603665283,-1.26E-16,-0.743995831,-1.21E-16
6.75,7.43E-17,0.203286489,2.62E-17,1.602366096,-1.27E-16,-0.743674051,-1.21E-16
6.76,7.44E-17,0.205838114,2.62E-17,1.601057203,-1.27E-16,-0.743345226,-1.22E-16
6.77,7.44E-17,0.208392378,2.62E-17,1.599738601,-1.27E-16,-0.74300934,-1.22E-16
6.78,7.46E-17,0.21094927,2.62E-17,1.598410284,-1.27E-16,-0.742666378,-1.22E-16
6.79,7.48E-17,0.213508779,2.62E-17,1.597072248,-1.26E-16,-0.742316324,-1.23E-16
6.8,7.49E-17,0.216070895,2.62E-17,1.595724488,-1.26E-16,-0.741959162,-1.23E-16
6.81,7.50E-17,0.218635607,2.62E-17,1.594366999,-1.27E-16,-0.741594877,-1.23E-16
6.82,7.50E-17,0.221202905,2.62E-17,1.592999776,-1.27E-16,-0.741223453,-1.23E-16
6.83,7.51E-17,0.223772778,2.62E-17,1.591622814,-1.27E-16,-0.740844876,-1.24E-16
6.84,7.52E-17,0.226345217,2.62E-17,1.590236108,-1.27E-16,-0.74045913,-1.24E-16
6.85,7.54E-17,0.22892021,2.62E-17,1.588839652,-1.27E-16,-0.740066199,-1.24E-16
6.86,7.55E-17,0.23149775,2.62E-17,1.587433441,-1.27E-16,-0.739666069,-1.25E-16
6.87,7.57E-17,0.234077825,2.62E-17,1.586017469,-1.26E-16,-0.739258724,-1.25E-16
6.88,7.58E-17,0.236660427,2.62E-17,1.584591731,-1.26E-16,-0.738844149,-1.25E-16
6.89,7.59E-17,0.239245547,2.62E-17,1.58315622,-1.26E-16,-0.73842233,-1.26E-16
6.9,7.60E-17,0.241833175,2.61E-17,1.581710932,-1.26E-16,-0.737993252,-1.26E-16
6.91,7.61E-17,0.244423303,2.61E-17,1.580255859,-1.26E-16,-0.737556899,-1.26E-16
6.92,7.61E-17,0.247015923,2.61E-17,1.578790996,-1.27E-16,-0.737113257,-1.26E-16
6.93,7.61E-17,0.249611025,2.62E-17,1.577316336,-1.27E-16,-0.736662311,-1.26E-16
6.94,7.62E-17,0.252208601,2.62E-17,1.575831873,-1.27E-16,-0.736204046,-1.26E-16
6.95,7.63E-17,0.254808643,2.62E-17,1.5743376,-1.27E-16,-0.735738449,-1.27E-16
6.96,7.64E-17,0.257411144,2.61E-17,1.572833511,-1.28E-16,-0.735265503,-1.27E-16
6.97,7.64E-17,0.260016096,2.61E-17,1.571319599,-1.28E-16,-0.734785196,-1.27E-16
6.98,7.65E-17,0.262623491,2.61E-17,1.569795856,-1.28E-16,-0.734297511,-1.27E-16
6.99,7.66E-17,0.265233322,2.61E-17,1.568262276,-1.28E-16,-0.733802436,-1.27E-16
7,7.68E-17,0.267845582,2.61E-17,1.566718851,-1.28E-16,-0.733299955,-1.27E-16
7.01,7.68E-17,0.270460263,2.61E-17,1.565165574,-1.28E-16,-0.732790054,-1.28E-16
7.02,7.68E-17,0.27307736,2.61E-17,1.563602438,-1.28E-16,-0.732272719,-1.27E-16
7.03,7.70E-17,0.275696865,2.61E-17,1.562029434,-1.28E-16,-0.731747935,-1.28E-16
7.04,7.72E-17,0.278318772,2.61E-17,1.560446555,-1.28E-16,-0.73121569,-1.28E-16
7.05,7.72E-17,0.280943075,2.61E-17,1.558853793,-1.28E-16,-0.730675967,-1.28E-16
7.06,7.72E-17,0.283569769,2.61E-17,1.55725114,-1.29E-16,-0.730128754,-1.28E-16
7.07,7.73E-17,0.286198846,2.61E-17,1.555638587,-1.29E-16,-0.729574036,-1.29E-16
7.08,7.75E-17,0.288830303,2.61E-17,1.554016126,-1.29E-16,-0.729011799,-1.29E-16
7.09,7.76E-17,0.291464132,2.60E-17,1.552383748,-1.29E-16,-0.72844203,-1.29E-16
7.1,7.77E-17,0.294100331,2.60E-17,1.550741444,-1.29E-16,-0.727864714,-1.29E-16
7.11,7.79E-17,0.296738892,2.60E-17,1.549089207,-1.29E-16,-0.727279837,-1.30E-16
7.12,7.79E-17,0.299379812,2.60E-17,1.547427025,-1.29E-16,-0.726687386,-1.30E-16
7.13,7.81E-17,0.302023086,2.60E-17,1.545754891,-1.29E-16,-0.726087347,-1.30E-16
7.14,7.82E-17,0.304668709,2.60E-17,1.544072794,-1.29E-16,-0.725479706,-1.30E-16
7.15,7.85E-17,0.307316678,2.59E-17,1.542380725,-1.28E-16,-0.724864449,-1.31E-16
7.16,7.85E-17,0.309966989,2.59E-17,1.540678675,-1.29E-16,-0.724241563,-1.31E-16
7.17,7.87E-17,0.312619638,2.59E-17,1.538966633,-1.28E-16,-0.723611033,-1.32E-16
7.18,7.88E-17,0.315274621,2.59E-17,1.537244588,-1.29E-16,-0.722972847,-1.32E-16
7.19,7.88E-17,0.317931935,2.59E-17,1.535512532,-1.29E-16,-0.722326991,-1.31E-16
7.2,7.89E-17,0.320591577,2.59E-17,1.533770452,-1.29E-16,-0.72167345,-1.32E-16
7.21,7.90E-17,0.323253545,2.59E-17,1.532018339,-1.29E-16,-0.721012212,-1.32E-16
7.22,7.91E-17,0.325917835,2.59E-17,1.530256181,-1.29E-16,-0.720343263,-1.32E-16
7.23,7.92E-17,0.328584445,2.58E-17,1.528483967,-1.29E-16,-0.719666589,-1.32E-16
7.24,7.92E-17,0.331253373,2.58E-17,1.526701686,-1.30E-16,-0.718982177,-1.32E-16
7.25,7.94E-17,0.333924617,2.58E-17,1.524909327,-1.30E-16,-0.718290013,-1.32E-16
7.26,7.94E-17,0.336598175,2.58E-17,1.523106878,-1.30E-16,-0.717590085,-1.32E-16
7.27,7.96E-17,0.339274045,2.58E-17,1.521294326,-1.30E-16,-0.716882377,-1.33E-16
7.28,7.97E-17,0.341952227,2.58E-17,1.51947166,-1.30E-16,-0.716166878,-1.33E-16
7.29,7.99E-17,0.344632719,2.57E-17,1.517638867,-1.30E-16,-0.715443573,-1.33E-16
7.3,8.01E-17,0.347315521,2.57E-17,1.515795934,-1.30E-16,-0.714712449,-1.34E-16
7.31,8.02E-17,0.350000631,2.57E-17,1.51394285,-1.30E-16,-0.713973493,-1.34E-16
7.32,8.03E-17,0.352688049,2.57E-17,1.512079601,-1.30E-16,-0.713226691,-1.34E-16
7.33,8.05E-17,0.355377775,2.56E-17,1.510206173,-1.30E-16,-0.71247203,-1.34E-16
7.34,8.06E-17,0.358069809,2.56E-17,1.508322553,-1.30E-16,-0.711709496,-1.34E-16
7.35,8.07E-17,0.360764151,2.56E-17,1.506428728,-1.30E-16,-0.710939077,-1.35E-16
7.36,8.10E-17,0.363460802,2.55E-17,1.504524684,-1.30E-16,-0.710160758,-1.35E-16
7.37,8.11E-17,0.366159762,2.55E-17,1.502610406,-1.30E-16,-0.709374526,-1.36E-16
7.38,8.15E-17,0.368861033,2.53E-17,1.50068588,-1.29E-16,-0.708580369,-1.36E-16
7.39,8.17E-17,0.371564616,2.53E-17,1.498751092,-1.29E-16,-0.707778271,-1.37E-16
7.4,8.19E-17,0.374270511,2.52E-17,1.496806027,-1.29E-16,-0.706968221,-1.37E-16
7.41,8.20E-17,0.376978721,2.52E-17,1.494850668,-1.29E-16,-0.706150204,-1.37E-16
7.42,8.21E-17,0.379689248,2.52E-17,1.492885002,-1.29E-16,-0.705324208,-1.38E-16
7.43,8.22E-17,0.382402093,2.51E-17,1.490909013,-1.29E-16,-0.704490218,-1.38E-16
7.44,8.22E-17,0.38511726,2.52E-17,1.488922684,-1.29E-16,-0.703648221,-1.38E-16
7.45,8.24E-17,0.38783475,2.51E-17,1.486926,-1.29E-16,-0.702798204,-1.38E-16
7.46,8.24E-17,0.390554567,2.52E-17,1.484918943,-1.30E-16,-0.701940154,-1.38E-16
7.47,8.25E-17,0.393276713,2.51E-17,1.482901499,-1.30E-16,-0.701074056,-1.38E-16
7.48,8.26E-17,0.396001193,2.51E-17,1.480873648,-1.30E-16,-0.700199897,-1.38E-16
7.49,8.27E-17,0.398728009,2.51E-17,1.478835375,-1.30E-16,-0.699317664,-1.38E-16
7.5,8.28E-17,0.401457166,2.51E-17,1.476786662,-1.30E-16,-0.698427343,-1.38E-16
7.51,8.30E-17,0.404188668,2.50E-17,1.474727491,-1.30E-16,-0.69752892,-1.38E-16
7.52,8.31E-17,0.406922518,2.50E-17,1.472657844,-1.30E-16,-0.696622382,-1.39E-16
7.53,8.32E-17,0.409658722,2.50E-17,1.470577702,-1.31E-16,-0.695707714,-1.39E-16
7.54,8.32E-17,0.412397285,2.50E-17,1.468487047,-1.31E-16,-0.694784904,-1.39E-16
7.55,8.34E-17,0.415138211,2.50E-17,1.466385861,-1.31E-16,-0.693853938,-1.39E-16
7.56,8.34E-17,0.417881507,2.50E-17,1.464274123,-1.31E-16,-0.692914801,-1.39E-16
7.57,8.37E-17,0.420627177,2.49E-17,1.462151814,-1.31E-16,-0.69196748,-1.39E-16
7.58,8.38E-17,0.423375228,2.49E-17,1.460018915,-1.31E-16,-0.691011961,-1.39E-16
7.59,8.38E-17,0.426125665,2.49E-17,1.457875405,-1.31E-16,-0.69004823,-1.39E-16
7.6,8.40E-17,0.428878496,2.48E-17,1.455721264,-1.31E-16,-0.689076272,-1.40E-16
7.61,8.42E-17,0.431633727,2.48E-17,1.453556471,-1.31E-16,-0.688096075,-1.40E-16
7.62,8.43E-17,0.434391364,2.47E-17,1.451381005,-1.31E-16,-0.687107623,-1.40E-16
7.63,8.43E-17,0.437151416,2.48E-17,1.449194844,-1.32E-16,-0.686110903,-1.40E-16
7.64,8.45E-17,0.43991389,2.47E-17,1.446997966,-1.32E-16,-0.6851059,-1.40E-16
7.65,8.47E-17,0.442678793,2.47E-17,1.44479035,-1.32E-16,-0.6840926,-1.40E-16
7.66,8.47E-17,0.445446134,2.47E-17,1.442571973,-1.32E-16,-0.683070989,-1.40E-16
7.67,8.50E-17,0.44821592,2.46E-17,1.440342813,-1.32E-16,-0.682041051,-1.41E-16
7.68,8.50E-17,0.450988162,2.46E-17,1.438102845,-1.32E-16,-0.681002774,-1.41E-16
7.69,8.53E-17,0.453762866,2.45E-17,1.435852047,-1.32E-16,-0.679956142,-1.41E-16
7.7,8.54E-17,0.456540044,2.45E-17,1.433590394,-1.32E-16,-0.67890114,-1.41E-16
7.71,8.55E-17,0.459319703,2.45E-17,1.431317862,-1.32E-16,-0.677837754,-1.41E-16
7.72,8.57E-17,0.462101855,2.44E-17,1.429034427,-1.32E-16,-0.676765968,-1.42E-16
7.73,8.59E-17,0.464886509,2.43E-17,1.426740064,-1.32E-16,-0.675685769,-1.42E-16
7.74,8.60E-17,0.467673675,2.43E-17,1.424434747,-1.32E-16,-0.674597141,-1.42E-16
7.75,8.60E-17,0.470463363,2.43E-17,1.422118451,-1.32E-16,-0.673500068,-1.42E-16
7.76,8.62E-17,0.473255586,2.42E-17,1.419791149,-1.32E-16,-0.672394536,-1.42E-16
7.77,8.64E-17,0.476050355,2.42E-17,1.417452815,-1.32E-16,-0.67128053,-1.43E-16
7.78,8.67E-17,0.47884768,2.41E-17,1.415103421,-1.32E-16,-0.670158033,-1.43E-16
7.79,8.68E-17,0.481647573,2.41E-17,1.412742941,-1.32E-16,-0.669027031,-1.43E-16
7.8,8.70E-17,0.484450047,2.40E-17,1.410371347,-1.32E-16,-0.667887508,-1.43E-16
7.81,8.70E-17,0.487255115,2.40E-17,1.40798861,-1.32E-16,-0.666739447,-1.43E-16
7.82,8.70E-17,0.490062788,2.41E-17,1.405594702,-1.33E-16,-0.665582835,-1.43E-16
7.83,8.73E-17,0.492873081,2.40E-17,1.403189594,-1.33E-16,-0.664417653,-1.43E-16
7.84,8.74E-17,0.495686006,2.39E-17,1.400773256,-1.33E-16,-0.663243887,-1.43E-16
7.85,8.76E-17,0.498501577,2.38E-17,1.398345658,-1.33E-16,-0.66206152,-1.44E-16
7.86,8.77E-17,0.501319808,2.38E-17,1.39590677,-1.33E-16,-0.660870536,-1.44E-16
7.87,8.77E-17,0.504140714,2.39E-17,1.393456561,-1.33E-16,-0.659670918,-1.43E-16
7.88,8.77E-17,0.50696431,2.39E-17,1.390995,-1.34E-16,-0.65846265,-1.43E-16
7.89,8.77E-17,0.509790609,2.40E-17,1.388522055,-1.34E-16,-0.657245714,-1.43E-16
7.9,8.78E-17,0.512619628,2.39E-17,1.386037694,-1.34E-16,-0.656020095,-1.43E-16
7.91,8.80E-17,0.515451383,2.39E-17,1.383541883,-1.34E-16,-0.654785775,-1.43E-16
7.92,8.82E-17,0.518285889,2.38E-17,1.38103459,-1.34E-16,-0.653542737,-1.44E-16
7.93,8.84E-17,0.521123162,2.38E-17,1.378515782,-1.34E-16,-0.652290964,-1.44E-16
7.94,8.85E-17,0.52396322,2.37E-17,1.375985423,-1.34E-16,-0.651030437,-1.44E-16
7.95,8.88E-17,0.526806079,2.36E-17,1.37344348,-1.34E-16,-0.64976114,-1.44E-16
7.96,8.90E-17,0.529651757,2.35E-17,1.370889916,-1.34E-16,-0.648483055,-1.45E-16
7.97,8.93E-17,0.532500271,2.34E-17,1.368324696,-1.34E-16,-0.647196163,-1.45E-16
7.98,8.95E-17,0.53535164,2.34E-17,1.365747784,-1.34E-16,-0.645900447,-1.45E-16
7.99,8.96E-17,0.538205883,2.33E-17,1.363159143,-1.34E-16,-0.644595888,-1.45E-16
8,8.99E-17,0.541063017,2.32E-17,1.360558736,-1.33E-16,-0.643282468,-1.46E-16
8.01,9.03E-17,0.543923062,2.30E-17,1.357946524,-1.33E-16,-0.641960168,-1.46E-16
8.02,9.06E-17,0.546786038,2.29E-17,1.35532247,-1.32E-16,-0.640628968,-1.47E-16
8.03,9.08E-17,0.549651965,2.27E-17,1.352686533,-1.32E-16,-0.639288851,-1.47E-16
8.04,9.10E-17,0.552520863,2.27E-17,1.350038675,-1.32E-16,-0.637939796,-1.47E-16
8.05,9.11E-17,0.555392752,2.27E-17,1.347378856,-1.33E-16,-0.636581785,-1.47E-16
8.06,9.16E-17,0.558267654,2.24E-17,1.344707033,-1.32E-16,-0.635214796,-1.48E-16
8.07,9.18E-17,0.56114559,2.23E-17,1.342023167,-1.31E-16,-0.633838812,-1.49E-16
8.08,9.21E-17,0.564026582,2.22E-17,1.339327214,-1.31E-16,-0.63245381,-1.49E-16
8.09,9.24E-17,0.566910652,2.21E-17,1.336619133,-1.31E-16,-0.631059772,-1.49E-16
8.1,9.27E-17,0.569797823,2.20E-17,1.333898879,-1.31E-16,-0.629656675,-1.50E-16
8.11,9.29E-17,0.572688118,2.18E-17,1.331166409,-1.30E-16,-0.628244501,-1.50E-16
8.12,9.34E-17,0.575581561,2.16E-17,1.328421679,-1.29E-16,-0.626823227,-1.51E-16
8.13,9.39E-17,0.578478175,2.13E-17,1.325664643,-1.28E-16,-0.625392831,-1.52E-16
8.14,9.42E-17,0.581377985,2.12E-17,1.322895255,-1.28E-16,-0.623953294,-1.52E-16
8.15,9.43E-17,0.584281015,2.11E-17,1.320113469,-1.28E-16,-0.622504592,-1.52E-16
8.16,9.46E-17,0.58718729,2.10E-17,1.317319236,-1.28E-16,-0.621046703,-1.53E-16
8.17,9.47E-17,0.590096837,2.10E-17,1.31451251,-1.28E-16,-0.619579606,-1.53E-16
8.18,9.50E-17,0.593009681,2.09E-17,1.311693242,-1.28E-16,-0.618103277,-1.53E-16
8.19,9.52E-17,0.595925848,2.08E-17,1.308861382,-1.28E-16,-0.616617694,-1.53E-16
8.2,9.53E-17,0.598845366,2.07E-17,1.306016879,-1.28E-16,-0.615122833,-1.53E-16
8.21,9.56E-17,0.601768262,2.06E-17,1.303159684,-1.28E-16,-0.613618672,-1.54E-16
8.22,9.57E-17,0.604694564,2.06E-17,1.300289743,-1.28E-16,-0.612105185,-1.54E-16
8.23,9.61E-17,0.6076243,2.04E-17,1.297407006,-1.27E-16,-0.610582349,-1.54E-16
8.24,9.64E-17,0.610557498,2.02E-17,1.294511418,-1.27E-16,-0.60905014,-1.55E-16
8.25,9.67E-17,0.613494189,2.01E-17,1.291602926,-1.27E-16,-0.607508533,-1.55E-16
8.26,9.68E-17,0.616434401,2.01E-17,1.288681475,-1.27E-16,-0.605957502,-1.55E-16
8.27,9.71E-17,0.619378165,1.99E-17,1.285747008,-1.27E-16,-0.604397023,-1.56E-16
8.28,9.75E-17,0.622325513,1.97E-17,1.282799471,-1.26E-16,-0.60282707,-1.56E-16
8.29,9.76E-17,0.625276474,1.97E-17,1.279838804,-1.26E-16,-0.601247616,-1.56E-16
8.3,9.80E-17,0.62823108,1.95E-17,1.276864951,-1.26E-16,-0.599658635,-1.57E-16
8.31,9.82E-17,0.631189365,1.94E-17,1.273877851,-1.25E-16,-0.598060101,-1.57E-16
8.32,9.86E-17,0.63415136,1.92E-17,1.270877446,-1.25E-16,-0.596451986,-1.58E-16
8.33,9.87E-17,0.637117099,1.91E-17,1.267863673,-1.25E-16,-0.594834262,-1.58E-16
8.34,9.89E-17,0.640086616,1.91E-17,1.264836472,-1.25E-16,-0.593206903,-1.58E-16
8.35,9.90E-17,0.643059945,1.91E-17,1.26179578,-1.25E-16,-0.591569879,-1.58E-16
8.36,9.92E-17,0.646037121,1.90E-17,1.258741533,-1.25E-16,-0.589923161,-1.58E-16
8.37,9.93E-17,0.649018179,1.90E-17,1.255673666,-1.25E-16,-0.588266722,-1.58E-16
8.38,9.96E-17,0.652003156,1.89E-17,1.252592113,-1.25E-16,-0.586600531,-1.58E-16
8.39,9.99E-17,0.654992089,1.86E-17,1.249496809,-1.25E-16,-0.584924558,-1.59E-16
8.4,1.00E-16,0.657985013,1.83E-17,1.246387685,-1.24E-16,-0.583238773,-1.59E-16
8.41,1.01E-16,0.660981968,1.82E-17,1.243264674,-1.24E-16,-0.581543145,-1.60E-16
8.42,1.01E-16,0.663982991,1.79E-17,1.240127704,-1.23E-16,-0.579837642,-1.60E-16
8.43,1.02E-16,0.666988121,1.77E-17,1.236976705,-1.22E-16,-0.578122234,-1.61E-16
8.44,1.02E-16,0.669997399,1.74E-17,1.233811607,-1.22E-16,-0.576396888,-1.62E-16
8.45,1.02E-16,0.673010864,1.72E-17,1.230632334,-1.21E-16,-0.574661571,-1.62E-16
8.46,1.02E-16,0.676028557,1.71E-17,1.227438814,-1.21E-16,-0.57291625,-1.62E-16
8.47,1.03E-16,0.67905052,1.72E-17,1.224230972,-1.21E-16,-0.571160892,-1.62E-16
8.48,1.03E-16,0.682076794,1.69E-17,1.22100873,-1.21E-16,-0.569395462,-1.63E-16
8.49,1.03E-16,0.685107424,1.69E-17,1.217772011,-1.21E-16,-0.567619925,-1.63E-16
8.5,1.03E-16,0.688142451,1.68E-17,1.214520737,-1.21E-16,-0.565834247,-1.63E-16
8.51,1.04E-16,0.691181921,1.66E-17,1.211254828,-1.21E-16,-0.564038391,-1.63E-16
8.52,1.04E-16,0.694225878,1.66E-17,1.207974201,-1.21E-16,-0.562232322,-1.63E-16
8.53,1.04E-16,0.697274368,1.64E-17,1.204678775,-1.20E-16,-0.560416003,-1.64E-16
8.54,1.04E-16,0.700327436,1.62E-17,1.201368466,-1.20E-16,-0.558589395,-1.64E-16
8.55,1.05E-16,0.703385132,1.61E-17,1.198043189,-1.20E-16,-0.556752461,-1.64E-16
8.56,1.05E-16,0.706447501,1.58E-17,1.194702857,-1.19E-16,-0.554905163,-1.65E-16
8.57,1.05E-16,0.709514592,1.56E-17,1.191347382,-1.19E-16,-0.553047461,-1.65E-16
8.58,1.06E-16,0.712586456,1.55E-17,1.187976676,-1.19E-16,-0.551179316,-1.66E-16
8.59,1.06E-16,0.715663141,1.53E-17,1.184590646,-1.18E-16,-0.549300686,-1.66E-16
8.6,1.06E-16,0.718744699,1.53E-17,1.181189203,-1.18E-16,-0.547411531,-1.66E-16
8.61,1.06E-16,0.721831181,1.50E-17,1.177772251,-1.18E-16,-0.545511809,-1.67E-16
8.62,1.07E-16,0.72492264,1.48E-17,1.174339695,-1.17E-16,-0.543601477,-1.67E-16
8.63,1.07E-16,0.72801913,1.47E-17,1.17089144,-1.17E-16,-0.541680492,-1.67E-16
8.64,1.07E-16,0.731120704,1.45E-17,1.167427387,-1.17E-16,-0.539748811,-1.68E-16
8.65,1.07E-16,0.734227417,1.45E-17,1.163947436,-1.17E-16,-0.537806389,-1.68E-16
8.66,1.08E-16,0.737339326,1.41E-17,1.160451485,-1.16E-16,-0.53585318,-1.68E-16
8.67,1.08E-16,0.740456488,1.41E-17,1.156939433,-1.16E-16,-0.533889138,-1.68E-16
8.68,1.08E-16,0.743578959,1.40E-17,1.153411174,-1.16E-16,-0.531914217,-1.69E-16
8.69,1.09E-16,0.746706799,1.38E-17,1.149866601,-1.16E-16,-0.529928369,-1.69E-16
8.7,1.09E-16,0.749840067,1.36E-17,1.146305607,-1.15E-16,-0.527931545,-1.69E-16
8.71,1.09E-16,0.752978824,1.34E-17,1.142728081,-1.15E-16,-0.525923696,-1.70E-16
8.72,1.10E-16,0.756123131,1.31E-17,1.139133913,-1.15E-16,-0.523904773,-1.70E-16
8.73,1.10E-16,0.759273052,1.31E-17,1.135522987,-1.15E-16,-0.521874723,-1.70E-16
8.74,1.10E-16,0.762428649,1.28E-17,1.13189519,-1.14E-16,-0.519833496,-1.71E-16
8.75,1.10E-16,0.765589987,1.27E-17,1.128250402,-1.14E-16,-0.517781039,-1.71E-16
8.76,1.11E-16,0.768757131,1.23E-17,1.124588506,-1.13E-16,-0.515717297,-1.72E-16
8.77,1.11E-16,0.77193015,1.21E-17,1.120909379,-1.13E-16,-0.513642217,-1.72E-16
8.78,1.11E-16,0.775109109,1.20E-17,1.117212898,-1.13E-16,-0.511555743,-1.72E-16
8.79,1.12E-16,0.778294079,1.18E-17,1.113498938,-1.12E-16,-0.509457819,-1.72E-16
8.8,1.12E-16,0.78148513,1.16E-17,1.10976737,-1.12E-16,-0.507348386,-1.73E-16
8.81,1.12E-16,0.784682332,1.14E-17,1.106018066,-1.11E-16,-0.505227387,-1.73E-16
8.82,1.12E-16,0.787885758,1.15E-17,1.102250892,-1.11E-16,-0.503094762,-1.72E-16
8.83,1.12E-16,0.791095482,1.15E-17,1.098465715,-1.11E-16,-0.50095045,-1.72E-16
8.84,1.11E-16,0.794311578,1.16E-17,1.094662397,-1.12E-16,-0.49879439,-1.72E-16
8.85,1.11E-16,0.797534124,1.19E-17,1.0908408,-1.12E-16,-0.49662652,-1.71E-16
8.86,1.11E-16,0.800763196,1.19E-17,1.087000782,-1.13E-16,-0.494446774,-1.71E-16
8.87,1.11E-16,0.803998872,1.18E-17,1.0831422,-1.12E-16,-0.492255088,-1.71E-16
8.88,1.11E-16,0.807241234,1.17E-17,1.079264906,-1.12E-16,-0.490051396,-1.71E-16
8.89,1.11E-16,0.810490363,1.15E-17,1.075368752,-1.12E-16,-0.487835631,-1.71E-16
8.9,1.11E-16,0.813746341,1.13E-17,1.071453586,-1.11E-16,-0.485607723,-1.71E-16
8.91,1.12E-16,0.817009252,1.11E-17,1.067519253,-1.11E-16,-0.483367603,-1.72E-16
8.92,1.11E-16,0.820279183,1.14E-17,1.063565597,-1.12E-16,-0.481115199,-1.71E-16
8.93,1.11E-16,0.823556221,1.16E-17,1.059592457,-1.12E-16,-0.478850439,-1.70E-16
8.94,1.11E-16,0.826840455,1.17E-17,1.05559967,-1.12E-16,-0.476573249,-1.70E-16
8.95,1.11E-16,0.830131974,1.16E-17,1.05158707,-1.12E-16,-0.474283553,-1.70E-16
8.96,1.11E-16,0.833430871,1.14E-17,1.047554489,-1.12E-16,-0.471981275,-1.70E-16
8.97,1.12E-16,0.83673724,1.10E-17,1.043501755,-1.11E-16,-0.469666337,-1.71E-16
8.98,1.12E-16,0.840051175,1.10E-17,1.039428693,-1.11E-16,-0.467338658,-1.71E-16
8.99,1.11E-16,0.843372773,1.10E-17,1.035335123,-1.11E-16,-0.464998157,-1.70E-16
9,1.11E-16,0.846702134,1.14E-17,1.031220865,-1.12E-16,-0.462644753,-1.70E-16
9.01,1.11E-16,0.850039357,1.16E-17,1.027085734,-1.12E-16,-0.460278359,-1.69E-16
9.02,1.10E-16,0.853384545,1.19E-17,1.02292954,-1.13E-16,-0.457898891,-1.68E-16
9.03,1.11E-16,0.856737801,1.17E-17,1.018752092,-1.13E-16,-0.45550626,-1.69E-16
9.04,1.11E-16,0.860099233,1.17E-17,1.014553194,-1.13E-16,-0.453100376,-1.69E-16
9.05,1.11E-16,0.863468947,1.16E-17,1.010332646,-1.13E-16,-0.45068115,-1.69E-16
9.06,1.11E-16,0.866847055,1.15E-17,1.006090246,-1.13E-16,-0.448248487,-1.69E-16
9.07,1.11E-16,0.870233667,1.14E-17,1.001825786,-1.13E-16,-0.445802292,-1.69E-16
9.08,1.11E-16,0.873628898,1.16E-17,0.997539056,-1.13E-16,-0.443342469,-1.69E-16
9.09,1.11E-16,0.877032864,1.19E-17,0.993229838,-1.14E-16,-0.44086892,-1.68E-16
9.1,1.11E-16,0.880445684,1.22E-17,0.988897916,-1.15E-16,-0.438381542,-1.67E-16
9.11,1.11E-16,0.883867478,1.23E-17,0.984543063,-1.15E-16,-0.435880234,-1.67E-16
9.12,1.11E-16,0.88729837,1.21E-17,0.980165053,-1.15E-16,-0.433364891,-1.67E-16
9.13,1.11E-16,0.890738484,1.19E-17,0.975763653,-1.15E-16,-0.430835405,-1.67E-16
9.14,1.11E-16,0.894187949,1.20E-17,0.971338624,-1.15E-16,-0.428291667,-1.67E-16
9.15,1.11E-16,0.897646895,1.21E-17,0.966889726,-1.15E-16,-0.425733565,-1.67E-16
9.16,1.11E-16,0.901115454,1.22E-17,0.962416711,-1.15E-16,-0.423160986,-1.67E-16
9.17,1.11E-16,0.904593763,1.21E-17,0.957919326,-1.15E-16,-0.420573814,-1.67E-16
9.18,1.11E-16,0.908081959,1.21E-17,0.953397316,-1.15E-16,-0.417971929,-1.66E-16
9.19,1.11E-16,0.911580182,1.19E-17,0.948850417,-1.15E-16,-0.415355211,-1.67E-16
9.2,1.11E-16,0.915088578,1.19E-17,0.944278361,-1.15E-16,-0.412723535,-1.67E-16
9.21,1.11E-16,0.918607292,1.19E-17,0.939680876,-1.15E-16,-0.410076775,-1.66E-16
9.22,1.11E-16,0.922136474,1.18E-17,0.935057681,-1.14E-16,-0.407414801,-1.66E-16
9.23,1.11E-16,0.925676276,1.20E-17,0.930408493,-1.15E-16,-0.404737483,-1.66E-16
9.24,1.11E-16,0.929226855,1.24E-17,0.925733019,-1.16E-16,-0.402044684,-1.65E-16
9.25,1.11E-16,0.932788368,1.25E-17,0.921030964,-1.16E-16,-0.399336267,-1.65E-16
9.26,1.11E-16,0.93636098,1.23E-17,0.916302022,-1.16E-16,-0.396612091,-1.65E-16
9.27,1.11E-16,0.939944854,1.21E-17,0.911545885,-1.16E-16,-0.393872013,-1.65E-16
9.28,1.12E-16,0.943540161,1.19E-17,0.906762235,-1.15E-16,-0.391115884,-1.66E-16
9.29,1.11E-16,0.947147073,1.20E-17,0.90195075,-1.16E-16,-0.388343554,-1.65E-16
9.3,1.11E-16,0.950765766,1.25E-17,0.897111097,-1.16E-16,-0.38555487,-1.65E-16
9.31,1.11E-16,0.95439642,1.27E-17,0.892242939,-1.17E-16,-0.382749673,-1.64E-16
9.32,1.11E-16,0.958039221,1.30E-17,0.887345931,-1.18E-16,-0.379927803,-1.64E-16
9.33,1.11E-16,0.961694355,1.30E-17,0.882419719,-1.18E-16,-0.377089096,-1.63E-16
9.34,1.11E-16,0.965362015,1.31E-17,0.877463942,-1.18E-16,-0.374233382,-1.63E-16
9.35,1.11E-16,0.969042397,1.28E-17,0.872478231,-1.18E-16,-0.37136049,-1.64E-16
9.36,1.11E-16,0.972735702,1.26E-17,0.867462209,-1.18E-16,-0.368470243,-1.64E-16
9.37,1.11E-16,0.976442136,1.27E-17,0.862415488,-1.18E-16,-0.36556246,-1.64E-16
9.38,1.11E-16,0.980161908,1.33E-17,0.857337675,-1.19E-16,-0.362636957,-1.63E-16
9.39,1.11E-16,0.983895232,1.36E-17,0.852228364,-1.20E-16,-0.359693544,-1.62E-16
9.4,1.10E-16,0.987642329,1.41E-17,0.847087141,-1.21E-16,-0.356732028,-1.62E-16
9.41,1.11E-16,0.991403423,1.42E-17,0.841913585,-1.21E-16,-0.35375221,-1.61E-16
9.42,1.11E-16,0.995178743,1.40E-17,0.83670726,-1.21E-16,-0.350753888,-1.62E-16
9.43,1.11E-16,0.998968524,1.38E-17,0.831467724,-1.21E-16,-0.347736853,-1.62E-16
9.44,1.11E-16,1.002773008,1.34E-17,0.826194522,-1.20E-16,-0.344700892,-1.62E-16
9.45,1.12E-16,1.006592439,1.35E-17,0.820887189,-1.20E-16,-0.341645787,-1.62E-16
9.46,1.11E-16,1.010427071,1.37E-17,0.815545248,-1.21E-16,-0.338571315,-1.62E-16
9.47,1.11E-16,1.014277161,1.38E-17,0.810168213,-1.21E-16,-0.335477245,-1.61E-16
9.48,1.11E-16,1.018142972,1.41E-17,0.804755583,-1.21E-16,-0.332363343,-1.61E-16
9.49,1.11E-16,1.022024777,1.44E-17,0.799306845,-1.22E-16,-0.329229368,-1.60E-16
9.5,1.11E-16,1.025922851,1.48E-17,0.793821476,-1.23E-16,-0.326075073,-1.60E-16
9.51,1.11E-16,1.029837478,1.50E-17,0.788298937,-1.23E-16,-0.322900205,-1.60E-16
9.52,1.11E-16,1.033768951,1.48E-17,0.782738677,-1.23E-16,-0.319704504,-1.60E-16
9.53,1.11E-16,1.037717565,1.46E-17,0.77714013,-1.23E-16,-0.316487703,-1.60E-16
9.54,1.12E-16,1.041683628,1.41E-17,0.771502719,-1.22E-16,-0.313249531,-1.60E-16
9.55,1.11E-16,1.045667451,1.45E-17,0.765825847,-1.23E-16,-0.309989706,-1.60E-16
9.56,1.11E-16,1.049669356,1.50E-17,0.760108906,-1.23E-16,-0.30670794,-1.59E-16
9.57,1.11E-16,1.053689673,1.55E-17,0.754351271,-1.24E-16,-0.30340394,-1.59E-16
9.58,1.10E-16,1.057728737,1.62E-17,0.748552301,-1.25E-16,-0.300077402,-1.58E-16
9.59,1.11E-16,1.061786896,1.59E-17,0.742711337,-1.25E-16,-0.296728014,-1.58E-16
9.6,1.11E-16,1.065864505,1.52E-17,0.736827705,-1.24E-16,-0.293355459,-1.59E-16
9.61,1.12E-16,1.069961927,1.51E-17,0.730900711,-1.24E-16,-0.289959409,-1.59E-16
9.62,1.11E-16,1.074079536,1.61E-17,0.724929646,-1.26E-16,-0.286539527,-1.58E-16
9.63,1.11E-16,1.078217716,1.68E-17,0.718913779,-1.27E-16,-0.283095468,-1.57E-16
9.64,1.10E-16,1.082376859,1.73E-17,0.712852361,-1.28E-16,-0.279626878,-1.56E-16
9.65,1.11E-16,1.08655737,1.74E-17,0.706744623,-1.28E-16,-0.276133393,-1.56E-16
9.66,1.11E-16,1.090759663,1.74E-17,0.700589775,-1.28E-16,-0.272614638,-1.56E-16
9.67,1.11E-16,1.094984163,1.67E-17,0.694387007,-1.27E-16,-0.269070229,-1.57E-16
9.68,1.11E-16,1.099231307,1.72E-17,0.688135486,-1.28E-16,-0.265499773,-1.56E-16
9.69,1.11E-16,1.103501544,1.80E-17,0.681834358,-1.30E-16,-0.261902863,-1.56E-16
9.7,1.11E-16,1.107795332,1.88E-17,0.675482743,-1.31E-16,-0.258279084,-1.55E-16
9.71,1.11E-16,1.112113145,1.87E-17,0.669079742,-1.31E-16,-0.254628007,-1.55E-16
9.72,1.11E-16,1.116455468,1.84E-17,0.662624427,-1.30E-16,-0.250949194,-1.55E-16
9.73,1.11E-16,1.120822799,1.84E-17,0.656115848,-1.31E-16,-0.247242194,-1.55E-16
9.74,1.11E-16,1.125215648,1.84E-17,0.649553028,-1.31E-16,-0.243506543,-1.55E-16
9.75,1.11E-16,1.129634541,1.97E-17,0.642934966,-1.33E-16,-0.239741765,-1.54E-16
9.76,1.11E-16,1.134080017,2.04E-17,0.636260631,-1.34E-16,-0.235947371,-1.53E-16
9.77,1.11E-16,1.138552627,2.09E-17,0.629528967,-1.34E-16,-0.232122861,-1.53E-16
9.78,1.11E-16,1.143052941,2.14E-17,0.62273889,-1.35E-16,-0.228267718,-1.53E-16
9.79,1.11E-16,1.147581539,2.19E-17,0.615889286,-1.36E-16,-0.224381413,-1.52E-16
9.8,1.11E-16,1.152139019,2.20E-17,0.608979013,-1.37E-16,-0.220463405,-1.52E-16
9.81,1.11E-16,1.156725993,2.15E-17,0.602006901,-1.36E-16,-0.216513138,-1.52E-16
9.82,1.12E-16,1.161343089,2.10E-17,0.594971749,-1.36E-16,-0.212530039,-1.53E-16
9.83,1.11E-16,1.16599095,2.22E-17,0.587872325,-1.37E-16,-0.208513526,-1.52E-16
9.84,1.11E-16,1.170670235,2.34E-17,0.58070737,-1.39E-16,-0.204462998,-1.51E-16
9.85,1.11E-16,1.175381619,2.47E-17,0.573475593,-1.41E-16,-0.200377843,-1.50E-16
9.86,1.10E-16,1.180125789,2.54E-17,0.566175675,-1.42E-16,-0.196257433,-1.50E-16
9.87,1.10E-16,1.184903453,2.60E-17,0.558806266,-1.43E-16,-0.192101128,-1.49E-16
9.88,1.10E-16,1.189715329,2.68E-17,0.551365988,-1.44E-16,-0.187908272,-1.49E-16
9.89,1.11E-16,1.194562151,2.64E-17,0.543853437,-1.44E-16,-0.183678198,-1.49E-16
9.9,1.11E-16,1.199444669,2.66E-17,0.536267179,-1.44E-16,-0.179410227,-1.49E-16
9.91,1.11E-16,1.204363642,2.69E-17,0.52860576,-1.45E-16,-0.175103665,-1.49E-16
9.92,1.11E-16,1.209319843,2.78E-17,0.520867699,-1.46E-16,-0.170757812,-1.48E-16
9.93,1.11E-16,1.214314057,2.89E-17,0.513051497,-1.47E-16,-0.166371955,-1.48E-16
9.94,1.11E-16,1.219347074,2.98E-17,0.505155639,-1.49E-16,-0.161945376,-1.47E-16
9.95,1.11E-16,1.224419694,3.13E-17,0.497178597,-1.51E-16,-0.157477349,-1.47E-16
9.96,1.10E-16,1.22953272,3.26E-17,0.489118834,-1.52E-16,-0.152967147,-1.46E-16
9.97,1.11E-16,1.234686955,3.28E-17,0.480974814,-1.53E-16,-0.148414042,-1.46E-16
9.98,1.11E-16,1.239883202,3.26E-17,0.472745004,-1.53E-16,-0.143817309,-1.46E-16
9.99,1.11E-16,1.245122255,3.32E-17,0.464427886,-1.54E-16,-0.139176231,-1.46E-16
10,1.11E-16,1.250404896,3.44E-17,0.456021968,-1.55E-16,-0.134490102,-1.46E-16
